SYMBOL,SERIES,LAST_TRADE_DATE
20MICRONS,EQ,2024-07-05
21STCENMGM,EQ,2023-12-26
360ONE,EQ,2024-07-05
3IINFOLTD,EQ,2024-07-05
3IINFOTECH,EQ,2021-06-08
3MINDIA,EQ,2024-07-05
3PLAND,EQ,2024-07-05
4THDIM,EQ,2022-12-05
5PAISA,EQ,2024-07-05
63MOONS,EQ,2024-07-05
8KMILES,EQ,2020-09-23
A2ZINFRA,EQ,2023-08-30
AAATECH,EQ,2024-05-02
AADHARHFC,EQ,2024-07-05
AAKASH,EQ,2024-07-04
AAREYDRUGS,EQ,2024-01-10
AARON,EQ,2024-07-05
AARTECH,EQ,2024-04-23
AARTIDRUGS,EQ,2024-07-05
AARTIIND,EQ,2024-07-05
AARTIPHARM,EQ,2024-07-05
AARTISURF,EQ,2024-07-05
AARVEEDEN,EQ,2024-07-05
AARVI,EQ,2024-07-05
AAVAS,EQ,2024-07-05
ABAN,EQ,2024-02-07
ABB,EQ,2024-07-05
ABBOTINDIA,EQ,2024-07-05
ABCAPITAL,EQ,2024-07-05
ABCIL,EQ,2016-01-13
ABDL,EQ,2024-07-05
ABFRL,EQ,2024-07-05
ABGSHIP,EQ,2017-01-23
ABIRLANUVO,EQ,2017-07-04
ABMINTLLTD,EQ,2024-06-18
ABMINTLTD,EQ,2021-07-26
ABSLAMC,EQ,2024-07-05
ABSLBANETF,EQ,2024-07-05
ABSLLIQUID,EQ,2024-07-05
ABSLNN50ET,EQ,2024-07-05
ABSLPSE,EQ,2024-07-05
ACC,EQ,2024-07-05
ACCELYA,EQ,2024-07-05
ACCURACY,EQ,2024-06-26
ACE,EQ,2024-07-05
ACEINTEG,EQ,2024-07-05
ACI,EQ,2024-07-05
ACL,EQ,2024-07-05
ACLGATI,EQ,2024-07-05
ACROPETAL,EQ,2016-05-20
ACRYSIL,EQ,2022-11-17
ADANIENSOL,EQ,2024-07-05
ADANIENT,EQ,2024-07-05
ADANIGAS,EQ,2021-01-12
ADANIGREEN,EQ,2024-07-05
ADANIPORTS,EQ,2024-07-05
ADANIPOWER,EQ,2024-07-05
ADANITRANS,EQ,2023-08-23
ADFFOODS,EQ,2024-07-05
ADHUNIK,EQ,2019-08-22
ADHUNIKIND,EQ,2021-05-19
ADI,EQ,2017-01-18
ADL,EQ,2024-07-05
ADLABS,EQ,2020-04-21
ADORWELD,EQ,2024-07-05
ADROITINFO,EQ,2024-07-05
ADSL,EQ,2024-07-05
ADVANIHOTR,EQ,2024-07-05
ADVANTA,EQ,2016-07-29
ADVENZYMES,EQ,2024-07-05
AEGISCHEM,EQ,2024-06-06
AEGISLOG,EQ,2024-07-05
AEROFLEX,EQ,2024-07-05
AETHER,EQ,2024-07-05
AFFLE,EQ,2024-07-05
AFL,EQ,2018-10-11
AGARIND,EQ,2024-07-05
AGCNET,EQ,2021-12-02
AGI,EQ,2024-07-05
AGLSL,EQ,2019-10-23
AGRITECH,EQ,2024-07-05
AGRODUTCH,EQ,2016-09-26
AGROPHOS,EQ,2024-07-05
AGSTRA,EQ,2024-07-05
AHL,EQ,2024-07-05
AHLADA,EQ,2024-05-30
AHLEAST,EQ,2024-07-05
AHLUCONT,EQ,2024-07-05
AHLWEST,EQ,2021-10-22
AIAENG,EQ,2024-07-05
AIFL,EQ,2019-02-21
AIIL,EQ,2024-07-05
AIL,EQ,2016-09-12
AIONJSW,EQ,2020-10-09
AIRAN,EQ,2024-07-05
AIROLAM,EQ,2024-07-05
AJANTPHARM,EQ,2024-07-05
AJMERA,EQ,2024-07-05
AJOONI,EQ,2024-07-05
AJRINFRA,EQ,2023-01-20
AKASH,EQ,2024-07-05
AKG,EQ,2024-07-05
AKI,EQ,2024-07-05
AKSHAR,EQ,2024-01-04
AKSHARCHEM,EQ,2024-07-05
AKSHOPTFBR,EQ,2024-01-10
AKZOINDIA,EQ,2024-07-05
ALANKIT,EQ,2024-07-05
ALBERTDAVD,EQ,2024-07-05
ALBK,EQ,2020-03-19
ALCHEM,EQ,2020-12-16
ALEMBICLTD,EQ,2024-07-05
ALICON,EQ,2024-07-05
ALKALI,EQ,2024-07-05
ALKEM,EQ,2024-07-05
ALKYLAMINE,EQ,2024-07-05
ALLCARGO,EQ,2024-07-05
ALLSEC,EQ,2024-07-05
ALMONDZ,EQ,2024-07-05
ALOKINDS,EQ,2024-07-05
ALOKTEXT,EQ,2019-12-09
ALPA,EQ,2024-07-05
ALPHA,EQ,2024-07-05
ALPHAETF,EQ,2024-07-05
ALPHAGEO,EQ,2024-07-05
ALPL30IETF,EQ,2024-07-05
ALPSINDUS,EQ,2024-05-06
ALSTOMT&D,EQ,2016-09-12
AMARAJABAT,EQ,2023-10-26
AMBER,EQ,2024-07-05
AMBICAAGAR,EQ,2024-07-05
AMBIKCO,EQ,2024-07-05
AMBUJACEM,EQ,2024-07-05
AMDIND,EQ,2024-07-05
AMIORG,EQ,2024-07-05
AMJLAND,EQ,2024-07-05
AMNPLST,EQ,2024-07-05
AMRUTANJAN,EQ,2024-07-05
AMTEKAUTO,EQ,2018-03-28
AMTL,EQ,2017-04-21
ANANDAMRUB,EQ,2017-06-05
ANANDRATHI,EQ,2024-07-05
ANANTRAJ,EQ,2024-07-05
ANDHRABANK,EQ,2020-03-19
ANDHRACEMT,EQ,2023-03-02
ANDHRAPAP,EQ,2024-07-05
ANDHRSUGAR,EQ,2024-07-05
ANDPAPER,EQ,2020-03-04
ANDREWYU,EQ,2023-10-25
ANGELBRKG,EQ,2021-11-10
ANGELONE,EQ,2024-07-05
ANGIND,EQ,2018-03-16
ANIKINDS,EQ,2024-07-05
ANKITMETAL,EQ,2024-05-07
ANMOL,EQ,2024-06-06
ANSALAPI,EQ,2022-09-21
ANSALHSG,EQ,2022-10-12
ANTGRAPHIC,EQ,2024-07-05
ANUP,EQ,2024-07-05
ANURAS,EQ,2024-07-05
APARINDS,EQ,2024-07-05
APCL,EQ,2024-07-05
APCOTEXIND,EQ,2024-07-05
APEX,EQ,2024-07-05
APLAPOLLO,EQ,2024-07-05
APLLTD,EQ,2024-07-05
APOLLO,EQ,2024-07-05
APOLLOHOSP,EQ,2024-07-05
APOLLOPIPE,EQ,2024-07-05
APOLLOTYRE,EQ,2024-07-05
APOLSINHOT,EQ,2024-07-05
APTECHT,EQ,2024-07-05
APTUS,EQ,2024-07-05
ARCHIDPLY,EQ,2024-05-02
ARCHIES,EQ,2024-07-05
ARCOTECH,EQ,2020-12-16
ARE&M,EQ,2024-07-05
ARENTERP,EQ,2024-07-05
ARIES,EQ,2024-07-05
ARIHANT,EQ,2022-02-03
ARIHANTCAP,EQ,2024-07-05
ARIHANTSUP,EQ,2024-07-05
ARMANFIN,EQ,2024-07-05
AROGRANITE,EQ,2024-07-05
ARROWCOAT,EQ,2016-05-10
ARROWGREEN,EQ,2024-07-05
ARROWTEX,EQ,2020-01-01
ARSHIYA,EQ,2023-12-13
ARSSINFRA,EQ,2022-05-24
ARTEMISMED,EQ,2024-07-05
ARTNIRMAN,EQ,2024-07-05
ARVEE,EQ,2024-04-10
ARVIND,EQ,2024-07-05
ARVINDFASN,EQ,2024-07-05
ARVINFRA,EQ,2016-12-02
ARVSMART,EQ,2024-07-05
ASAHIINDIA,EQ,2024-07-05
ASAHISONG,EQ,2024-07-05
ASAL,EQ,2024-07-05
ASALCBR,EQ,2024-07-05
ASHAPURMIN,EQ,2024-07-05
ASHIANA,EQ,2024-07-05
ASHIMASYN,EQ,2024-07-05
ASHOKA,EQ,2024-07-05
ASHOKAMET,EQ,2024-07-05
ASHOKLEY,EQ,2024-07-05
ASIANENE,EQ,2024-07-05
ASIANHOTNR,EQ,2023-11-16
ASIANPAINT,EQ,2024-07-05
ASIANTILES,EQ,2024-07-05
ASIL,EQ,2017-08-02
ASKAUTOLTD,EQ,2024-07-05
ASMS,EQ,2024-07-05
ASPINWALL,EQ,2024-07-05
ASSAMCO,EQ,2019-02-27
ASTEC,EQ,2024-07-05
ASTERDM,EQ,2024-07-05
ASTRAL,EQ,2024-07-05
ASTRAMICRO,EQ,2024-07-05
ASTRAZEN,EQ,2024-07-05
ASTRON,EQ,2024-01-30
ATALREAL,EQ,2024-05-02
ATAM,EQ,2024-04-22
ATFL,EQ,2024-07-05
ATGL,EQ,2024-07-05
ATL,EQ,2024-07-05
ATLANTA,EQ,2023-12-13
ATLANTAA,EQ,2024-04-19
ATLASCYCLE,EQ,2017-01-18
ATNINTER,EQ,2017-02-01
ATUL,EQ,2024-07-05
ATULAUTO,EQ,2024-07-05
AUBANK,EQ,2024-07-05
AURIONPRO,EQ,2024-07-05
AUROPHARMA,EQ,2024-07-05
AURUM,EQ,2024-07-05
AUSOMENT,EQ,2024-05-27
AUSTRAL,EQ,2017-05-19
AUTOAXLES,EQ,2024-07-05
AUTOBEES,EQ,2024-07-05
AUTOIETF,EQ,2024-07-05
AUTOIND,EQ,2024-07-05
AUTOLITIND,EQ,2021-01-22
AVADHSUGAR,EQ,2024-07-05
AVALON,EQ,2024-07-05
AVANTIFEED,EQ,2024-07-05
AVG,EQ,2024-07-05
AVONMORE,EQ,2024-06-18
AVROIND,EQ,2024-07-05
AVTNPL,EQ,2024-07-05
AWFIS,EQ,2024-07-05
AWHCL,EQ,2024-07-05
AWL,EQ,2024-07-05
AXISBANK,EQ,2024-07-05
AXISBNKETF,EQ,2024-07-05
AXISBPSETF,EQ,2024-07-05
AXISCADES,EQ,2024-07-05
AXISCETF,EQ,2024-07-05
AXISGOLD,EQ,2024-07-05
AXISHCETF,EQ,2024-07-05
AXISILVER,EQ,2024-07-05
AXISNIFTY,EQ,2024-07-05
AXISTECETF,EQ,2024-07-05
AXITA,EQ,2024-07-05
AXSENSEX,EQ,2024-07-05
AYMSYNTEX,EQ,2024-07-05
AZAD,EQ,2024-07-05
BAFNAPH,EQ,2022-05-24
BAFNAPHARM,EQ,2019-05-31
BAGFILMS,EQ,2024-01-05
BAIDFIN,EQ,2024-07-05
BAJAJ-AUTO,EQ,2024-07-05
BAJAJCON,EQ,2024-07-05
BAJAJCORP,EQ,2019-01-14
BAJAJELEC,EQ,2024-07-05
BAJAJFINSV,EQ,2024-07-05
BAJAJHCARE,EQ,2024-07-05
BAJAJHIND,EQ,2024-07-05
BAJAJHLDNG,EQ,2024-07-05
BAJEL,EQ,2024-07-05
BAJFINANCE,EQ,2024-07-05
BALAJITELE,EQ,2024-07-05
BALAMINES,EQ,2024-07-05
BALAXI,EQ,2024-07-05
BALKRISHNA,EQ,2024-07-05
BALKRISIND,EQ,2024-07-05
BALLARPUR,EQ,2020-11-27
BALMLAWRIE,EQ,2024-07-05
BALPHARMA,EQ,2024-07-05
BALRAMCHIN,EQ,2024-07-05
BALUFORGE,EQ,2024-07-05
BANARBEADS,EQ,2024-07-05
BANARISUG,EQ,2024-07-05
BANCOINDIA,EQ,2024-07-05
BANDHANBNK,EQ,2024-07-05
BANG,EQ,2024-07-05
BANKA,EQ,2024-01-04
BANKBARODA,EQ,2024-07-05
BANKBEES,EQ,2024-07-05
BANKBETF,EQ,2024-07-05
BANKETF,EQ,2024-07-05
BANKETFADD,EQ,2024-07-05
BANKIETF,EQ,2024-07-05
BANKINDIA,EQ,2024-07-05
BANKNIFTY1,EQ,2024-07-05
BANSWRAS,EQ,2024-07-05
BARBEQUE,EQ,2024-07-05
BARTRONICS,EQ,2019-09-09
BASF,EQ,2024-07-05
BASML,EQ,2024-07-05
BATAINDIA,EQ,2024-07-05
BAYERCROP,EQ,2024-07-05
BBETF0432,EQ,2024-07-05
BBL,EQ,2024-07-05
BBNPNBETF,EQ,2024-07-05
BBNPPGOLD,EQ,2024-07-05
BBOX,EQ,2024-07-05
BBTC,EQ,2024-07-05
BBTCL,EQ,2024-07-05
BCG,EQ,2024-04-25
BCLIND,EQ,2024-07-05
BCONCEPTS,EQ,2024-07-05
BCP,EQ,2023-04-28
BDL,EQ,2024-07-05
BEARDSELL,EQ,2024-07-05
BECTORFOOD,EQ,2024-07-05
BEDMUTHA,EQ,2024-07-05
BEL,EQ,2024-07-05
BEML,EQ,2024-07-05
BEPL,EQ,2024-07-05
BERGEPAINT,EQ,2024-07-05
BESTAGRO,EQ,2024-07-05
BFINVEST,EQ,2024-07-05
BFSI,EQ,2024-07-05
BFUTILITIE,EQ,2024-07-05
BGRENERGY,EQ,2024-03-01
BHAGCHEM,EQ,2024-07-05
BHAGERIA,EQ,2024-07-05
BHAGYANGR,EQ,2024-07-05
BHAGYAPROP,EQ,2022-12-09
BHAGYNAGAR,EQ,2017-03-09
BHANDARI,EQ,2024-07-05
BHARATFIN,EQ,2019-07-02
BHARATFORG,EQ,2024-07-05
BHARATGEAR,EQ,2024-07-05
BHARATIDIL,EQ,2017-09-27
BHARATIWIN,EQ,2018-04-18
BHARATRAS,EQ,2024-07-05
BHARATWIRE,EQ,2024-07-05
BHARTIARTL,EQ,2024-07-05
BHARTIHEXA,EQ,2024-07-05
BHEL,EQ,2024-07-05
BHUSANSTL,EQ,2018-12-07
BIGBLOC,EQ,2024-07-05
BIKAJI,EQ,2024-07-05
BIL,EQ,2024-04-22
BILENERGY,EQ,2020-11-27
BILPOWER,EQ,2018-05-17
BINANIIND,EQ,2024-05-29
BINDALAGRO,EQ,2023-05-18
BIOCON,EQ,2024-07-05
BIOFILCHEM,EQ,2024-07-05
BIRLACABLE,EQ,2024-07-05
BIRLACORPN,EQ,2024-07-05
BIRLACOT,EQ,2017-03-08
BIRLAMONEY,EQ,2024-07-05
BIRLATYRE,EQ,2022-05-24
BKMINDST,EQ,2021-05-21
BLAL,EQ,2024-07-05
BLBLIMITED,EQ,2024-02-07
BLISSGVS,EQ,2024-07-05
BLKASHYAP,EQ,2024-07-05
BLS,EQ,2024-07-05
BLSE,EQ,2024-07-05
BLUEBLENDS,EQ,2019-06-17
BLUECHIP,EQ,2023-06-22
BLUECOAST,EQ,2024-02-14
BLUEDART,EQ,2024-07-05
BLUEJET,EQ,2024-07-05
BLUESTARCO,EQ,2024-07-05
BLUESTINFO,EQ,2016-06-01
BODALCHEM,EQ,2024-07-05
BOHRAIND,EQ,2023-07-12
BOMDYEING,EQ,2024-07-05
BOROLTD,EQ,2024-07-05
BORORENEW,EQ,2024-07-05
BOROSCI,EQ,2024-07-05
BOROSIL,EQ,2020-02-19
BOSCHLTD,EQ,2024-07-05
BPCL,EQ,2024-07-05
BPL,EQ,2024-07-05
BRFL,EQ,2022-04-01
BRIGADE,EQ,2024-07-05
BRITANNIA,EQ,2024-07-05
BRNL,EQ,2024-03-14
BROADCAST,EQ,2016-05-09
BROOKS,EQ,2024-03-15
BSE,EQ,2024-07-05
BSE500IETF,EQ,2024-07-05
BSELINFRA,EQ,2021-07-12
BSHSL,EQ,2024-07-05
BSL,EQ,2024-07-05
BSLGOLDETF,EQ,2024-07-05
BSLIMITED,EQ,2018-02-21
BSLNIFTY,EQ,2024-07-05
BSLSENETFG,EQ,2024-07-05
BSOFT,EQ,2024-07-05
BTML,EQ,2024-06-07
BURGERKING,EQ,2022-02-16
BURNPUR,EQ,2024-07-02
BUTTERFLY,EQ,2024-07-05
BVCL,EQ,2024-07-05
BYKE,EQ,2024-06-25
CADILAHC,EQ,2022-03-04
CAIRN,EQ,2017-04-25
CALSOFT,EQ,2024-04-22
CAMLINFINE,EQ,2024-07-05
CAMPUS,EQ,2024-07-05
CAMS,EQ,2024-07-05
CANBK,EQ,2024-07-05
CANDC,EQ,2019-02-25
CANFINHOME,EQ,2024-07-05
CANTABIL,EQ,2024-07-05
CAPACITE,EQ,2024-07-05
CAPF,EQ,2018-12-27
CAPITALSFB,EQ,2024-07-05
CAPLIPOINT,EQ,2024-07-05
CAPTRUST,EQ,2024-07-05
CARBORUNIV,EQ,2024-07-05
CAREERP,EQ,2024-07-05
CARERATING,EQ,2024-07-05
CARTRADE,EQ,2024-07-05
CARYSIL,EQ,2024-07-05
CASTEXTECH,EQ,2020-10-20
CASTROLIND,EQ,2024-07-05
CCCL,EQ,2023-05-24
CCHHL,EQ,2024-07-05
CCL,EQ,2024-07-05
CDSL,EQ,2024-07-05
CEATLTD,EQ,2024-07-05
CEBBCO,EQ,2022-06-17
CELEBRITY,EQ,2024-07-05
CELESTIAL,EQ,2019-09-09
CELLO,EQ,2024-07-05
CENTENKA,EQ,2024-07-05
CENTEXT,EQ,2024-07-05
CENTRALBK,EQ,2024-07-05
CENTRUM,EQ,2024-07-05
CENTUM,EQ,2024-07-05
CENTURYPLY,EQ,2024-07-05
CENTURYTEX,EQ,2024-07-05
CERA,EQ,2024-07-05
CEREBRAINT,EQ,2023-06-06
CESC,EQ,2024-07-05
CESCVENT,EQ,2021-01-29
CGCL,EQ,2024-07-05
CGPOWER,EQ,2024-07-05
CHALET,EQ,2024-07-05
CHAMBLFERT,EQ,2024-07-05
CHEMBOND,EQ,2024-07-05
CHEMCON,EQ,2024-07-05
CHEMFAB,EQ,2024-07-05
CHEMFALKAL,EQ,2017-05-24
CHEMPLASTS,EQ,2024-07-05
CHENNPETRO,EQ,2024-07-05
CHEVIOT,EQ,2024-07-05
CHOICEIN,EQ,2024-07-05
CHOLAFIN,EQ,2024-07-05
CHOLAHLDNG,EQ,2024-07-05
CHROMATIC,EQ,2020-12-16
CIEINDIA,EQ,2024-07-05
CIGNITITEC,EQ,2024-07-05
CIMMCO,EQ,2020-10-21
CINELINE,EQ,2024-07-05
CINEVISTA,EQ,2024-04-22
CIPLA,EQ,2024-07-05
CKFSL,EQ,2020-02-20
CLEAN,EQ,2024-07-05
CLEDUCATE,EQ,2024-07-05
CLNINDIA,EQ,2023-03-09
CLSEL,EQ,2024-07-05
CMICABLES,EQ,2023-04-19
CMSINFO,EQ,2024-07-05
CNOVAPETRO,EQ,2021-02-24
COALINDIA,EQ,2024-07-05
COASTCORP,EQ,2024-07-05
COCHINSHIP,EQ,2024-07-05
COFFEEDAY,EQ,2024-07-05
COFORGE,EQ,2024-07-05
COLPAL,EQ,2024-07-05
COMMOIETF,EQ,2024-07-05
COMPINFO,EQ,2023-10-27
COMPUSOFT,EQ,2024-07-05
COMSYN,EQ,2024-07-05
CONCOR,EQ,2024-07-05
CONCORDBIO,EQ,2024-07-05
CONFIPET,EQ,2024-07-05
CONS,EQ,2024-07-05
CONSOFINVT,EQ,2024-07-05
CONSUMBEES,EQ,2024-07-05
CONSUMIETF,EQ,2024-07-05
CONTROLPR,EQ,2024-07-05
CORALFINAC,EQ,2024-07-05
CORDSCABLE,EQ,2024-06-26
COROMANDEL,EQ,2024-07-05
CORPBANK,EQ,2020-03-19
COSMOFILMS,EQ,2022-07-22
COSMOFIRST,EQ,2024-07-05
COUNCODOS,EQ,2024-07-05
COX&KINGS,EQ,2019-12-24
CPSEETF,EQ,2024-07-05
CRAFTSMAN,EQ,2024-07-05
CREATIVE,EQ,2024-07-05
CREATIVEYE,EQ,2024-05-15
CREDITACC,EQ,2024-07-05
CREST,EQ,2024-07-05
CRISIL,EQ,2024-07-05
CRMFGETF,EQ,2019-11-06
CROMPGREAV,EQ,2017-03-07
CROMPTON,EQ,2024-07-05
CROWN,EQ,2023-11-23
CSBBANK,EQ,2024-07-05
CSLFINANCE,EQ,2024-07-05
CTE,EQ,2024-07-05
CUB,EQ,2024-07-05
CUBEXTUB,EQ,2023-11-16
CUMMINSIND,EQ,2024-07-05
CUPID,EQ,2023-12-12
CURATECH,EQ,2017-12-29
CYBERMEDIA,EQ,2024-01-31
CYBERTECH,EQ,2024-07-05
CYIENT,EQ,2024-07-05
CYIENTDLM,EQ,2024-07-05
DAAWAT,EQ,2023-11-03
DABUR,EQ,2024-07-05
DALBHARAT,EQ,2024-07-05
DALMIABHA,EQ,2018-11-28
DALMIASUG,EQ,2024-07-05
DAMODARIND,EQ,2024-07-05
DANGEE,EQ,2024-07-05
DATAMATICS,EQ,2024-07-05
DATAPATTNS,EQ,2024-07-05
DAVANGERE,EQ,2024-07-05
DBCORP,EQ,2024-07-05
DBL,EQ,2024-07-05
DBOL,EQ,2024-07-05
DBREALTY,EQ,2024-07-05
DBSTOCKBRO,EQ,2024-07-05
DCAL,EQ,2024-07-05
DCBBANK,EQ,2024-07-05
DCI,EQ,2024-04-22
DCM,EQ,2024-07-05
DCMFINSERV,EQ,2023-10-13
DCMNVL,EQ,2024-07-05
DCMSHRIRAM,EQ,2024-07-05
DCMSRIND,EQ,2024-07-05
DCW,EQ,2024-07-05
DCXINDIA,EQ,2024-07-05
DECCANCE,EQ,2024-07-05
DEEDEV,EQ,2024-07-05
DEEPAKFERT,EQ,2024-07-05
DEEPAKNTR,EQ,2024-07-05
DEEPENR,EQ,2024-07-05
DEEPIND,EQ,2020-09-29
DEEPINDS,EQ,2024-07-05
DELHIVERY,EQ,2024-07-05
DELPHIFX,EQ,2024-06-06
DELTACORP,EQ,2024-07-05
DELTAMAGNT,EQ,2024-07-05
DEN,EQ,2024-07-05
DENABANK,EQ,2019-03-07
DENORA,EQ,2024-07-05
DEVIT,EQ,2024-07-05
DEVYANI,EQ,2024-07-05
DFMFOODS,EQ,2023-03-27
DGCONTENT,EQ,2024-06-26
DHAMPURSUG,EQ,2024-07-05
DHANBANK,EQ,2024-07-05
DHANI,EQ,2024-07-05
DHANUKA,EQ,2024-07-05
DHANVARSHA,EQ,2022-08-30
DHARAMSI,EQ,2022-11-01
DHARMAJ,EQ,2024-07-05
DHARSUGAR,EQ,2022-05-24
DHFL,EQ,2021-06-11
DHRUV,EQ,2024-02-29
DHUNINV,EQ,2024-07-05
DIACABS,EQ,2023-10-05
DIAMINESQ,EQ,2024-07-05
DIAMONDYD,EQ,2024-07-05
DIAPOWER,EQ,2018-04-30
DICIND,EQ,2024-07-05
DIGIDRIVE,EQ,2024-01-29
DIGISPICE,EQ,2024-07-05
DIGJAM,EQ,2016-03-29
DIGJAMLMTD,EQ,2022-03-28
DIGJAMLTD,EQ,2019-08-28
DIL,EQ,2024-07-05
DISHMAN,EQ,2017-05-29
DISHTV,EQ,2024-07-05
DIVGIITTS,EQ,2024-07-05
DIVISLAB,EQ,2024-07-05
DIVOPPBEES,EQ,2024-07-05
DIXON,EQ,2024-07-05
DJML,EQ,2024-04-22
DLF,EQ,2024-07-05
DLINKINDIA,EQ,2024-07-05
DMART,EQ,2024-07-05
DMCC,EQ,2024-07-05
DNAMEDIA,EQ,2024-07-05
DODLA,EQ,2024-07-05
DOLAT,EQ,2021-12-17
DOLATALGO,EQ,2024-07-05
DOLLAR,EQ,2024-07-05
DOLPHIN,EQ,2024-04-18
DOLPHINOFF,EQ,2019-08-22
DOMS,EQ,2024-07-05
DONEAR,EQ,2024-07-05
DPABHUSHAN,EQ,2024-07-05
DPL,EQ,2019-01-01
DPSCLTD,EQ,2024-07-05
DPWIRES,EQ,2024-07-05
DQE,EQ,2021-01-01
DRCSYSTEMS,EQ,2024-06-19
DREAMFOLKS,EQ,2024-07-05
DREDGECORP,EQ,2024-07-05
DRREDDY,EQ,2024-07-05
DSKULKARNI,EQ,2018-03-20
DSPBANKETF,EQ,2024-02-14
DSPGOLDETF,EQ,2024-02-14
DSPITETF,EQ,2024-02-14
DSPN50ETF,EQ,2024-02-14
DSPNEWETF,EQ,2024-02-14
DSPPSBKETF,EQ,2024-02-14
DSPPVBKETF,EQ,2024-02-14
DSPQ50ETF,EQ,2024-02-14
DSPSENXETF,EQ,2024-02-14
DSPSILVETF,EQ,2024-02-14
DSSL,EQ,2024-07-05
DTIL,EQ,2024-07-05
DUCON,EQ,2023-11-16
DVL,EQ,2024-07-05
DWARKESH,EQ,2024-07-05
DYCL,EQ,2024-07-05
DYNAMATECH,EQ,2024-07-05
DYNATECH,EQ,2016-05-10
DYNPRO,EQ,2024-07-05
E2E,EQ,2023-07-25
EASEMYTRIP,EQ,2024-07-05
EASTSILK,EQ,2022-06-14
EASUNREYRL,EQ,2019-09-23
EBANK,EQ,2023-08-01
EBBETF0423,EQ,2023-04-11
EBBETF0425,EQ,2024-07-05
EBBETF0430,EQ,2024-07-05
EBBETF0431,EQ,2024-07-05
EBBETF0433,EQ,2024-07-05
EBIXFOREX,EQ,2021-08-31
ECEIND,EQ,2019-05-09
ECLERX,EQ,2024-07-05
EDELWEISS,EQ,2024-07-05
EDL,EQ,2019-02-27
EDUCOMP,EQ,2017-09-22
EGOLD,EQ,2024-07-05
EICHERMOT,EQ,2024-07-05
EIDPARRY,EQ,2024-07-05
EIFFL,EQ,2024-07-05
EIHAHOTELS,EQ,2024-07-05
EIHOTEL,EQ,2024-07-05
EIMCOELECO,EQ,2024-06-28
EKC,EQ,2024-07-05
ELAND,EQ,2019-09-23
ELDEHSG,EQ,2024-07-05
ELECON,EQ,2024-07-05
ELECTCAST,EQ,2024-07-05
ELECTHERM,EQ,2023-06-06
ELGIEQUIP,EQ,2024-07-05
ELGIRUBCO,EQ,2024-05-27
ELIN,EQ,2024-07-05
EMAMIINFRA,EQ,2018-11-14
EMAMILTD,EQ,2024-07-05
EMAMIPAP,EQ,2024-07-05
EMAMIREAL,EQ,2024-07-05
EMCO,EQ,2019-06-28
EMIL,EQ,2024-07-05
EMKAY,EQ,2024-06-13
EMMBI,EQ,2024-07-05
EMSLIMITED,EQ,2024-07-05
EMUDHRA,EQ,2024-07-05
ENDURANCE,EQ,2024-07-05
ENERGYDEV,EQ,2024-07-05
ENGINERSIN,EQ,2024-07-05
ENIL,EQ,2024-07-05
ENTERO,EQ,2024-07-05
EON,EQ,2020-02-26
EPACK,EQ,2024-07-05
EPIGRAL,EQ,2024-07-05
EPL,EQ,2024-07-05
EQ30,EQ,2021-09-30
EQUAL50ADD,EQ,2024-07-05
EQUIPPP,EQ,2022-05-24
EQUITAS,EQ,2023-02-02
EQUITASBNK,EQ,2024-07-05
ERIS,EQ,2024-07-05
EROSMEDIA,EQ,2024-07-05
ESABINDIA,EQ,2024-07-05
ESAFSFB,EQ,2024-07-05
ESCORTS,EQ,2024-07-05
ESG,EQ,2024-07-05
ESILVER,EQ,2024-07-05
ESL,EQ,2018-04-26
ESSAROIL,EQ,2016-02-09
ESSARSHPNG,EQ,2024-07-05
ESSDEE,EQ,2019-05-27
ESSELPACK,EQ,2020-10-16
ESSENTIA,EQ,2024-01-09
ESTER,EQ,2024-07-05
ETHOSLTD,EQ,2024-07-05
EUROCERA,EQ,2018-06-22
EUROMULTI,EQ,2020-12-24
EUROTEXIND,EQ,2024-07-05
EVEREADY,EQ,2024-07-05
EVERESTIND,EQ,2024-07-05
EVERONN,EQ,2016-11-03
EXCEL,EQ,2024-06-03
EXCELCROP,EQ,2019-08-28
EXCELINDUS,EQ,2024-07-05
EXICOM,EQ,2024-07-05
EXIDEIND,EQ,2024-07-05
EXPLEOSOL,EQ,2024-07-05
EXXARO,EQ,2024-07-05
FACT,EQ,2024-07-05
FAGBEARING,EQ,2017-07-31
FAIRCHEM,EQ,2020-10-13
FAIRCHEMOR,EQ,2024-07-05
FARMAXIND,EQ,2017-03-06
FAZE3Q,EQ,2024-07-05
FCEL,EQ,2016-10-24
FCL,EQ,2024-07-05
FCONSUMER,EQ,2024-05-15
FCSSOFT,EQ,2024-07-05
FDC,EQ,2024-07-05
FEDDERELEC,EQ,2018-09-24
FEDDERLOYD,EQ,2017-06-12
FEDERALBNK,EQ,2024-07-05
FEDFINA,EQ,2024-07-05
FEL,EQ,2023-01-20
FELDVR,EQ,2023-02-21
FIBERWEB,EQ,2024-07-05
FIEMIND,EQ,2024-07-05
FILATEX,EQ,2024-07-05
FILATFASH,EQ,2024-07-05
FINANTECH,EQ,2017-01-18
FINCABLES,EQ,2024-07-05
FINEORG,EQ,2024-07-05
FINIETF,EQ,2024-07-05
FINOPB,EQ,2024-07-05
FINPIPE,EQ,2024-07-05
FIRSTWIN,EQ,2018-02-20
FIVESTAR,EQ,2024-07-05
FLAIR,EQ,2024-07-05
FLEXITUFF,EQ,2024-04-03
FLFL,EQ,2023-03-31
FLUOROCHEM,EQ,2024-07-05
FMCGIETF,EQ,2024-07-05
FMGOETZE,EQ,2024-07-05
FMNL,EQ,2024-07-05
FOCUS,EQ,2024-07-05
FOODSIN,EQ,2024-07-05
FORCEMOT,EQ,2024-07-05
FORTIS,EQ,2024-07-05
FORTUNEFIN,EQ,2018-07-24
FOSECOIND,EQ,2024-07-05
FRETAIL,EQ,2022-07-22
FRL,EQ,2016-05-10
FRLDVR,EQ,2016-05-10
FSC,EQ,2022-11-21
FSL,EQ,2024-07-05
FUSION,EQ,2024-07-05
G5,EQ,2021-06-15
GABRIEL,EQ,2024-07-05
GAEL,EQ,2024-07-05
GAIL,EQ,2024-07-05
GAL,EQ,2023-06-30
GALAXYSURF,EQ,2024-07-05
GALLANTT,EQ,2024-02-06
GALLISPAT,EQ,2022-06-03
GAMMNINFRA,EQ,2021-07-19
GAMMONIND,EQ,2017-09-22
GANDHAR,EQ,2024-07-05
GANDHITUBE,EQ,2024-07-05
GANECOS,EQ,2024-07-05
GANESHBE,EQ,2024-07-05
GANESHHOUC,EQ,2024-07-05
GANGAFORGE,EQ,2023-06-08
GANGESSECU,EQ,2024-07-05
GANGOTRI,EQ,2017-05-22
GARDENSILK,EQ,2021-01-25
GARFIBRES,EQ,2024-07-05
GARWALLROP,EQ,2018-08-10
GATECH,EQ,2023-12-28
GATECHDVR,EQ,2024-02-12
GATEWAY,EQ,2024-07-05
GATI,EQ,2023-11-29
GAYAHWS,EQ,2024-05-15
GAYAPROJ,EQ,2022-10-19
GBGLOBAL,EQ,2021-05-19
GDL,EQ,2022-01-04
GEECEE,EQ,2024-07-05
GEEKAYWIRE,EQ,2024-07-05
GEINDSYS,EQ,2016-02-19
GEMINI,EQ,2018-02-06
GENCON,EQ,2024-07-05
GENESYS,EQ,2024-07-05
GENSOL,EQ,2024-07-05
GENUSPAPER,EQ,2024-07-05
GENUSPOWER,EQ,2024-07-05
GEOJITBNPP,EQ,2017-03-01
GEOJITFSL,EQ,2024-07-05
GEOMETRIC,EQ,2017-03-10
GEPIL,EQ,2024-07-05
GESHIP,EQ,2024-07-05
GET&D,EQ,2023-09-29
GFLLIMITED,EQ,2024-07-05
GFSTEELS,EQ,2022-09-20
GHCL,EQ,2024-07-05
GHCLTEXTIL,EQ,2024-07-05
GICHSGFIN,EQ,2024-07-05
GICRE,EQ,2024-07-05
GILLANDERS,EQ,2024-07-05
GILLETTE,EQ,2024-07-05
GILT5YBEES,EQ,2024-07-05
GINNIFILA,EQ,2024-07-05
GIPCL,EQ,2024-07-05
GISOLUTION,EQ,2023-04-06
GITANJALI,EQ,2018-04-26
GKWLIMITED,EQ,2024-04-22
GLAND,EQ,2024-07-05
GLAXO,EQ,2024-07-05
GLENMARK,EQ,2024-07-05
GLFL,EQ,2024-01-12
GLOBAL,EQ,2024-04-18
GLOBALVECT,EQ,2024-01-10
GLOBE,EQ,2024-07-05
GLOBOFFS,EQ,2021-03-12
GLOBUSSPR,EQ,2024-07-05
GLOSTERLTD,EQ,2024-07-05
GLS,EQ,2024-07-05
GMBREW,EQ,2024-07-05
GMDCLTD,EQ,2024-07-05
GMMPFAUDLR,EQ,2024-07-05
GMRINFRA,EQ,2024-07-05
GMRP&UI,EQ,2024-07-05
GNA,EQ,2024-07-05
GNFC,EQ,2024-07-05
GOACARBON,EQ,2024-07-05
GOCLCORP,EQ,2024-07-05
GOCOLORS,EQ,2024-07-05
GODFRYPHLP,EQ,2024-07-05
GODHA,EQ,2024-07-05
GODIGIT,EQ,2024-07-05
GODREJAGRO,EQ,2024-07-05
GODREJCP,EQ,2024-07-05
GODREJIND,EQ,2024-07-05
GODREJPROP,EQ,2024-07-05
GOKEX,EQ,2024-07-05
GOKUL,EQ,2024-01-30
GOKULAGRO,EQ,2024-07-05
GOLD1,EQ,2024-07-05
GOLDBEES,EQ,2024-07-05
GOLDCASE,EQ,2024-07-05
GOLDENTOBC,EQ,2022-06-14
GOLDETF,EQ,2024-07-05
GOLDETFADD,EQ,2024-07-05
GOLDIAM,EQ,2024-07-05
GOLDIETF,EQ,2024-07-05
GOLDINFRA,EQ,2018-07-25
GOLDIWIN,EQ,2018-04-09
GOLDSHARE,EQ,2024-07-05
GOLDTECH,EQ,2024-07-05
GOODLUCK,EQ,2024-07-05
GOODYEAR,EQ,2023-10-25
GOPAL,EQ,2024-07-05
GOYALALUM,EQ,2023-06-06
GPIL,EQ,2024-07-05
GPPL,EQ,2024-07-05
GPTHEALTH,EQ,2024-07-05
GPTINFRA,EQ,2024-05-06
GRANULES,EQ,2024-07-05
GRAPHITE,EQ,2024-07-05
GRASIM,EQ,2024-07-05
GRAUWEIL,EQ,2023-10-25
GRAVITA,EQ,2024-07-05
GREAVESCOT,EQ,2024-07-05
GREENFIRE,EQ,2017-03-22
GREENLAM,EQ,2024-07-05
GREENPANEL,EQ,2024-07-05
GREENPLY,EQ,2024-07-05
GREENPOWER,EQ,2024-07-05
GRINDWELL,EQ,2024-07-05
GRINFRA,EQ,2024-07-05
GRMOVER,EQ,2024-07-05
GROBTEA,EQ,2024-07-05
GRPLTD,EQ,2024-07-04
GRSE,EQ,2024-07-05
GRUH,EQ,2019-10-15
GRWRHITECH,EQ,2024-07-05
GSCLCEMENT,EQ,2023-04-20
GSEC10IETF,EQ,2024-07-05
GSEC10YEAR,EQ,2024-07-05
GSEC5IETF,EQ,2024-07-05
GSFC,EQ,2024-07-05
GSKCONS,EQ,2020-04-15
GSLSU,EQ,2024-07-05
GSPL,EQ,2024-07-05
GSS,EQ,2024-05-23
GTECJAINX,EQ,2024-02-21
GTL,EQ,2024-01-08
GTLINFRA,EQ,2024-07-05
GTNIND,EQ,2021-03-12
GTNTEX,EQ,2022-01-03
GTOFFSHORE,EQ,2017-06-21
GTPL,EQ,2024-07-05
GUFICBIO,EQ,2024-07-05
GUJALKALI,EQ,2024-07-05
GUJAPOLLO,EQ,2024-07-05
GUJFLUORO,EQ,2019-07-24
GUJGASLTD,EQ,2024-07-05
GUJNRECOKE,EQ,2018-02-09
GUJNREDVR,EQ,2018-02-09
GUJRAFFIA,EQ,2024-07-05
GULFOILLUB,EQ,2024-07-05
GULFPETRO,EQ,2024-07-05
GULPOLY,EQ,2024-07-05
GVKPIL,EQ,2024-07-05
GVPTECH,EQ,2024-07-05
HAL,EQ,2024-07-05
HANUNG,EQ,2017-08-02
HAPPSTMNDS,EQ,2024-07-05
HAPPYFORGE,EQ,2024-07-05
HARDWYN,EQ,2024-07-05
HARIOMPIPE,EQ,2024-07-05
HARITASEAT,EQ,2021-04-09
HARRMALAYA,EQ,2024-07-05
HARSHA,EQ,2024-07-05
HATHWAY,EQ,2024-07-05
HATSUN,EQ,2024-07-05
HAVELLS,EQ,2024-07-05
HAVISHA,EQ,2024-07-05
HBANKETF,EQ,2023-06-15
HBLPOWER,EQ,2024-07-05
HBSL,EQ,2024-07-05
HBSTOCK,EQ,2018-03-08
HCC,EQ,2024-07-05
HCG,EQ,2024-07-05
HCIL,EQ,2016-08-12
HCL-INSYS,EQ,2024-04-22
HCLTECH,EQ,2024-07-05
HDFC,EQ,2023-07-12
HDFCAMC,EQ,2024-07-05
HDFCBANK,EQ,2024-07-05
HDFCBSE500,EQ,2024-07-05
HDFCGOLD,EQ,2024-07-05
HDFCGROWTH,EQ,2024-07-05
HDFCLIFE,EQ,2024-07-05
HDFCLIQUID,EQ,2024-07-05
HDFCLOWVOL,EQ,2024-07-05
HDFCMFGETF,EQ,2023-06-15
HDFCMID150,EQ,2024-07-05
HDFCMOMENT,EQ,2024-07-05
HDFCNEXT50,EQ,2024-07-05
HDFCNIF100,EQ,2024-07-05
HDFCNIFBAN,EQ,2024-07-05
HDFCNIFETF,EQ,2023-06-15
HDFCNIFIT,EQ,2024-07-05
HDFCNIFTY,EQ,2024-07-05
HDFCPSUBK,EQ,2024-07-05
HDFCPVTBAN,EQ,2024-07-05
HDFCQUAL,EQ,2024-07-05
HDFCSENETF,EQ,2023-06-15
HDFCSENSEX,EQ,2024-07-05
HDFCSILVER,EQ,2024-07-05
HDFCSML250,EQ,2024-07-05
HDFCVALUE,EQ,2024-07-05
HDIL,EQ,2019-11-21
HEADSUP,EQ,2024-04-22
HEALTHADD,EQ,2024-07-05
HEALTHIETF,EQ,2024-07-05
HEALTHY,EQ,2024-07-05
HECPROJECT,EQ,2024-06-18
HEG,EQ,2024-07-05
HEIDELBERG,EQ,2024-07-05
HEMIPROP,EQ,2024-07-05
HERANBA,EQ,2024-07-05
HERCULES,EQ,2024-07-05
HERITGFOOD,EQ,2024-07-05
HEROMOTOCO,EQ,2024-07-05
HESTERBIO,EQ,2024-07-05
HEUBACHIND,EQ,2024-07-05
HEXATRADEX,EQ,2024-07-05
HEXAWARE,EQ,2020-10-30
HFCL,EQ,2024-07-05
HGINFRA,EQ,2024-07-05
HGS,EQ,2024-07-05
HIGHGROUND,EQ,2019-09-23
HIKAL,EQ,2024-07-05
HIL,EQ,2024-07-05
HILTON,EQ,2024-07-05
HIMATSEIDE,EQ,2024-07-05
HINDALCO,EQ,2024-07-05
HINDCOMPOS,EQ,2024-07-05
HINDCON,EQ,2023-12-26
HINDCOPPER,EQ,2024-07-05
HINDDORROL,EQ,2018-05-21
HINDMOTORS,EQ,2024-07-05
HINDNATGLS,EQ,2022-04-06
HINDOILEXP,EQ,2024-07-05
HINDPETRO,EQ,2024-07-05
HINDSYNTEX,EQ,2019-09-09
HINDUJAFO,EQ,2017-06-05
HINDUJAVEN,EQ,2019-11-08
HINDUNILVR,EQ,2024-07-05
HINDWAREAP,EQ,2024-07-05
HINDZINC,EQ,2024-07-05
HIRECT,EQ,2024-07-05
HISARMETAL,EQ,2024-07-05
HITACHIHOM,EQ,2016-09-09
HITECH,EQ,2024-07-05
HITECHCORP,EQ,2024-07-05
HITECHGEAR,EQ,2024-04-23
HITECHPLAS,EQ,2017-05-22
HLEGLAS,EQ,2024-07-05
HLVLTD,EQ,2024-04-22
HMAAGRO,EQ,2024-07-05
HMT,EQ,2016-05-20
HMVL,EQ,2024-07-05
HNDFDS,EQ,2024-07-05
HNGSNGBEES,EQ,2024-07-05
HOCL,EQ,2017-08-16
HOMEFIRST,EQ,2024-07-05
HONASA,EQ,2024-07-05
HONAUT,EQ,2024-07-05
HONDAPOWER,EQ,2024-07-05
HOTELEELA,EQ,2020-01-07
HOTELRUGBY,EQ,2022-11-18
HOVS,EQ,2024-04-22
HPAL,EQ,2024-07-05
HPIL,EQ,2024-07-05
HPL,EQ,2024-07-05
HSCL,EQ,2024-07-05
HSIL,EQ,2022-05-10
HTMEDIA,EQ,2024-07-05
HUBTOWN,EQ,2024-06-13
HUDCO,EQ,2024-07-05
HUHTAMAKI,EQ,2024-07-05
HYBRIDFIN,EQ,2024-07-05
IBMFNIFTY,EQ,2023-10-25
IBREALEST,EQ,2024-07-05
IBULHSGFIN,EQ,2024-07-05
IBULISL,EQ,2020-12-07
IBVENTURES,EQ,2020-10-27
IBWSL,EQ,2017-04-17
ICEMAKE,EQ,2024-07-05
ICICI10GS,EQ,2023-12-19
ICICI500,EQ,2023-12-19
ICICI5GSEC,EQ,2023-12-19
ICICIALPLV,EQ,2023-12-19
ICICIAUTO,EQ,2023-12-19
ICICIB22,EQ,2024-07-05
ICICIBANK,EQ,2024-07-05
ICICIBANKN,EQ,2023-12-19
ICICIBANKP,EQ,2023-12-19
ICICICOMMO,EQ,2023-12-19
ICICICONSU,EQ,2023-12-19
ICICIFIN,EQ,2023-12-19
ICICIFMCG,EQ,2023-12-19
ICICIGI,EQ,2024-07-05
ICICIGOLD,EQ,2023-12-19
ICICIINFRA,EQ,2023-12-19
ICICILIQ,EQ,2023-12-19
ICICILOVOL,EQ,2023-12-19
ICICIM150,EQ,2023-12-19
ICICIMCAP,EQ,2023-12-19
ICICIMOM30,EQ,2023-12-19
ICICINF100,EQ,2023-12-19
ICICINIFTY,EQ,2023-12-19
ICICINV20,EQ,2023-12-19
ICICINXT50,EQ,2023-12-19
ICICIPHARM,EQ,2023-12-19
ICICIPRULI,EQ,2024-07-05
ICICIQTY30,EQ,2023-12-19
ICICISENSX,EQ,2023-12-19
ICICISILVE,EQ,2023-12-19
ICICITECH,EQ,2023-12-19
ICIL,EQ,2024-07-05
ICNX100,EQ,2016-07-22
ICRA,EQ,2024-07-05
ICSA,EQ,2018-01-03
IDBI,EQ,2024-07-05
IDBIGOLD,EQ,2023-07-28
IDEA,EQ,2024-07-05
IDEAFORGE,EQ,2024-07-05
IDFC,EQ,2024-07-05
IDFCBANK,EQ,2019-01-15
IDFCFIRSTB,EQ,2024-07-05
IDFNIFTYET,EQ,2024-07-05
IEL,EQ,2024-07-05
IEX,EQ,2024-07-05
IFBAGRO,EQ,2024-07-05
IFBIND,EQ,2024-07-05
IFCI,EQ,2024-07-05
IFGLEXPOR,EQ,2024-07-05
IFGLREFRAC,EQ,2017-09-13
IGARASHI,EQ,2024-07-05
IGL,EQ,2024-07-05
IGOLD,EQ,2016-07-22
IGPL,EQ,2024-07-05
IIFL,EQ,2024-07-05
IIFLSEC,EQ,2024-07-05
IIFLWAM,EQ,2023-01-20
IITL,EQ,2024-07-05
IKIO,EQ,2024-07-05
IL&FSENGG,EQ,2018-10-15
IL&FSTRANS,EQ,2019-03-29
IMAGICAA,EQ,2024-07-05
IMFA,EQ,2024-07-05
IMIDCAP,EQ,2016-07-22
IMPAL,EQ,2024-07-05
IMPEXFERRO,EQ,2024-01-18
INCREDIBLE,EQ,2024-07-05
INDBANK,EQ,2024-07-05
INDGN,EQ,2024-07-05
INDHOTEL,EQ,2024-07-05
INDIACEM,EQ,2024-07-05
INDIAGLYCO,EQ,2024-07-05
INDIAMART,EQ,2024-07-05
INDIANB,EQ,2024-07-05
INDIANCARD,EQ,2024-07-05
INDIANHUME,EQ,2024-07-05
INDIASHLTR,EQ,2024-07-05
INDIGO,EQ,2024-07-05
INDIGOPNTS,EQ,2024-07-05
INDLMETER,EQ,2022-04-20
INDNIPPON,EQ,2024-07-05
INDOAMIN,EQ,2024-07-05
INDOBORAX,EQ,2024-07-05
INDOCO,EQ,2024-07-05
INDORAMA,EQ,2024-07-05
INDOSOLAR,EQ,2019-05-21
INDOSTAR,EQ,2024-07-05
INDOTECH,EQ,2024-04-22
INDOTHAI,EQ,2024-07-05
INDOWIND,EQ,2024-07-05
INDRAMEDCO,EQ,2024-07-05
INDSWFTLAB,EQ,2024-07-05
INDSWFTLTD,EQ,2024-04-10
INDTERRAIN,EQ,2024-07-05
INDUSINDBK,EQ,2024-07-05
INDUSTOWER,EQ,2024-07-05
INEOSSTYRO,EQ,2023-01-19
INFIBEAM,EQ,2024-07-05
INFINITE,EQ,2018-12-13
INFOBEAN,EQ,2024-07-05
INFOMEDIA,EQ,2024-06-26
INFRABEES,EQ,2024-07-05
INFRAIETF,EQ,2024-07-05
INFRATEL,EQ,2020-12-17
INFY,EQ,2024-07-05
INGERRAND,EQ,2024-07-05
INIFTY,EQ,2016-07-22
INNOVACAP,EQ,2024-07-05
INOXGREEN,EQ,2024-07-05
INOXINDIA,EQ,2024-07-05
INOXLEISUR,EQ,2023-02-16
INOXWIND,EQ,2024-07-05
INSECTICID,EQ,2024-07-05
INSPIRISYS,EQ,2024-01-10
INTEGRA,EQ,2021-02-24
INTELLECT,EQ,2024-07-05
INTENTECH,EQ,2024-07-05
INTLCONV,EQ,2024-07-05
INV20,EQ,2016-07-11
INVENTURE,EQ,2024-07-05
IOB,EQ,2024-07-05
IOC,EQ,2024-07-05
IOLCP,EQ,2024-07-05
IONEXCHANG,EQ,2024-07-05
IPAPPM,EQ,2020-01-21
IPCALAB,EQ,2024-07-05
IPL,EQ,2024-07-05
IPRU5008,EQ,2019-07-18
IRB,EQ,2024-07-05
IRCON,EQ,2024-07-05
IRCTC,EQ,2024-07-05
IREDA,EQ,2024-07-05
IRFC,EQ,2024-07-05
IRIS,EQ,2024-05-15
IRISDOREME,EQ,2024-07-05
IRMENERGY,EQ,2024-07-05
ISEC,EQ,2024-07-05
ISENSEX,EQ,2016-07-20
ISFT,EQ,2024-07-05
ISGEC,EQ,2024-07-05
ISMTLTD,EQ,2024-07-05
IT,EQ,2024-07-05
ITBEES,EQ,2024-07-05
ITC,EQ,2024-07-05
ITDC,EQ,2024-07-05
ITDCEM,EQ,2024-07-05
ITETF,EQ,2024-07-05
ITETFADD,EQ,2024-07-05
ITI,EQ,2024-07-05
ITIETF,EQ,2024-07-05
IVC,EQ,2024-07-05
IVP,EQ,2024-07-05
IVRCLINFRA,EQ,2019-06-06
IVZINGOLD,EQ,2024-07-05
IVZINNIFTY,EQ,2024-07-05
IWEL,EQ,2024-07-05
IXIGO,EQ,2024-07-05
IZMO,EQ,2024-07-05
J&KBANK,EQ,2024-07-05
JAGRAN,EQ,2024-07-05
JAGSNPHARM,EQ,2024-07-05
JAIBALAJI,EQ,2023-11-09
JAICORPLTD,EQ,2024-07-05
JAIHINDPRO,EQ,2018-09-05
JAIPURKURT,EQ,2024-04-08
JAMNAAUTO,EQ,2024-07-05
JASH,EQ,2024-07-05
JAYAGROGN,EQ,2024-07-05
JAYBARMARU,EQ,2024-07-05
JAYNECOIND,EQ,2024-07-05
JAYSREETEA,EQ,2024-07-05
JBCHEPHARM,EQ,2024-07-05
JBFIND,EQ,2023-01-20
JBMA,EQ,2024-07-05
JCHAC,EQ,2024-07-05
JCTEL,EQ,2016-05-19
JENSONICOL,EQ,2017-11-08
JETAIRWAYS,EQ,2019-06-27
JETFREIGHT,EQ,2024-07-05
JGCHEM,EQ,2024-07-05
JHS,EQ,2024-03-13
JIKIND,EQ,2017-03-23
JINDALPHOT,EQ,2024-07-05
JINDALPOLY,EQ,2024-07-05
JINDALSAW,EQ,2024-07-05
JINDALSTEL,EQ,2024-07-05
JINDCOT,EQ,2019-09-09
JINDRILL,EQ,2024-07-05
JINDWORLD,EQ,2024-07-05
JIOFIN,EQ,2024-07-05
JISLDVREQS,EQ,2024-07-05
JISLJALEQS,EQ,2024-07-05
JITFINFRA,EQ,2024-07-05
JIYAECO,EQ,2020-11-23
JKCEMENT,EQ,2024-07-05
JKIL,EQ,2024-07-05
JKLAKSHMI,EQ,2024-07-05
JKPAPER,EQ,2024-07-05
JKTYRE,EQ,2024-07-05
JLHL,EQ,2024-07-05
JMA,EQ,2024-07-05
JMCPROJECT,EQ,2023-01-10
JMFINANCIL,EQ,2024-07-05
JMTAUTOLTD,EQ,2021-10-22
JNKINDIA,EQ,2024-07-05
JOCIL,EQ,2024-07-05
JPASSOCIAT,EQ,2024-06-05
JPINFRATEC,EQ,2022-05-24
JPOLYINVST,EQ,2024-07-05
JPPOWER,EQ,2024-07-05
JSFB,EQ,2024-07-05
JSL,EQ,2024-07-05
JSLHISAR,EQ,2023-03-08
JSWENERGY,EQ,2024-07-05
JSWHL,EQ,2024-07-05
JSWINFRA,EQ,2024-07-05
JSWISPL,EQ,2023-08-09
JSWSTEEL,EQ,2024-07-05
JTEKTINDIA,EQ,2024-07-05
JTLIND,EQ,2024-07-05
JTLINFRA,EQ,2022-11-18
JUBILANT,EQ,2021-02-03
JUBLFOOD,EQ,2024-07-05
JUBLINDS,EQ,2024-07-05
JUBLINGREA,EQ,2024-07-05
JUBLPHARMA,EQ,2024-07-05
JUMPNET,EQ,2021-12-21
JUNIORBEES,EQ,2024-07-05
JUNIPER,EQ,2024-07-05
JUSTDIAL,EQ,2024-07-05
JVLAGRO,EQ,2018-09-24
JWL,EQ,2024-07-05
JYOTHYLAB,EQ,2024-07-05
JYOTICNC,EQ,2024-07-05
JYOTISTRUC,EQ,2024-06-27
KABRAEXTRU,EQ,2024-07-05
KAJARIACER,EQ,2024-07-05
KAKATCEM,EQ,2024-07-05
KALAMANDIR,EQ,2024-07-05
KALINDEE,EQ,2017-02-08
KALPATPOWR,EQ,2023-06-05
KALYANIFRG,EQ,2024-06-24
KALYANKJIL,EQ,2024-07-05
KAMATHOTEL,EQ,2024-07-05
KAMDHENU,EQ,2024-07-05
KAMOPAINTS,EQ,2024-07-05
KANANIIND,EQ,2024-07-05
KANORICHEM,EQ,2024-07-05
KANPRPLA,EQ,2024-07-05
KANSAINER,EQ,2024-07-05
KAPSTON,EQ,2024-06-20
KARDA,EQ,2021-12-15
KARMAENG,EQ,2024-07-05
KARURVYSYA,EQ,2024-07-05
KAUSHALYA,EQ,2024-07-05
KAVVERITEL,EQ,2024-05-29
KAYA,EQ,2024-07-05
KAYNES,EQ,2024-07-05
KBCGLOBAL,EQ,2024-07-05
KCP,EQ,2024-07-05
KCPSUGIND,EQ,2024-07-05
KDDL,EQ,2024-07-05
KEC,EQ,2024-07-05
KECL,EQ,2024-07-05
KEEPLEARN,EQ,2024-05-15
KEERTI,EQ,2023-06-21
KEI,EQ,2024-07-05
KELLTONTEC,EQ,2024-07-05
KEMROCK,EQ,2016-05-20
KENNAMET,EQ,2023-10-25
KERNEX,EQ,2024-07-05
KESARENT,EQ,2019-12-30
KESORAMIND,EQ,2024-07-05
KEYCORPSER,EQ,2019-04-30
KEYFINSERV,EQ,2024-04-12
KFINTECH,EQ,2024-07-05
KGL,EQ,2017-07-19
KHADIM,EQ,2024-07-05
KHAICHEM,EQ,2024-07-05
KHAITANELE,EQ,2017-03-20
KHAITANLTD,EQ,2024-07-05
KHANDSE,EQ,2024-07-05
KICL,EQ,2024-07-05
KIL,EQ,2016-03-17
KILITCH,EQ,2024-07-05
KIMS,EQ,2024-07-05
KINGFA,EQ,2024-07-05
KIOCL,EQ,2024-07-05
KIRIINDUS,EQ,2024-07-05
KIRLFER,EQ,2023-10-25
KIRLOSBROS,EQ,2024-07-05
KIRLOSENG,EQ,2024-07-05
KIRLOSIND,EQ,2024-07-05
KIRLPNU,EQ,2024-07-05
KITEX,EQ,2024-07-05
KKCL,EQ,2024-07-05
KMSUGAR,EQ,2024-06-18
KNRCON,EQ,2024-07-05
KOHINOOR,EQ,2024-07-05
KOKUYOCMLN,EQ,2024-07-05
KOLTEPATIL,EQ,2024-07-05
KOPRAN,EQ,2024-07-05
KOTAKALPHA,EQ,2024-03-19
KOTAKBANK,EQ,2024-07-05
KOTAKBKETF,EQ,2024-03-19
KOTAKCONS,EQ,2024-03-19
KOTAKGOLD,EQ,2024-04-15
KOTAKIT,EQ,2024-03-19
KOTAKLIQ,EQ,2024-03-19
KOTAKLOVOL,EQ,2024-03-19
KOTAKMID50,EQ,2024-03-19
KOTAKMNC,EQ,2024-03-19
KOTAKNIFTY,EQ,2024-03-19
KOTAKNV20,EQ,2024-03-19
KOTAKPSUBK,EQ,2024-03-19
KOTAKSILVE,EQ,2024-04-15
KOTARISUG,EQ,2024-07-05
KOTHARIPET,EQ,2024-07-05
KOTHARIPRO,EQ,2024-07-05
KOVAI,EQ,2023-10-25
KPIGLOBAL,EQ,2022-04-26
KPIGREEN,EQ,2024-07-05
KPIL,EQ,2024-07-05
KPIT,EQ,2019-02-25
KPITTECH,EQ,2024-07-05
KPRMILL,EQ,2024-07-05
KRBL,EQ,2024-07-05
KREBSBIO,EQ,2024-07-05
KRIDHANINF,EQ,2024-01-10
KRISHANA,EQ,2024-07-05
KRITI,EQ,2024-07-05
KRITIKA,EQ,2024-07-05
KRITINUT,EQ,2024-07-05
KRONOX,EQ,2024-07-05
KRSNAA,EQ,2024-07-05
KRYSTAL,EQ,2024-07-05
KSB,EQ,2024-07-05
KSBPUMPS,EQ,2018-10-22
KSCL,EQ,2024-07-05
KSERASERA,EQ,2020-08-21
KSHITIJPOL,EQ,2024-06-20
KSK,EQ,2020-11-27
KSL,EQ,2024-07-05
KSOLVES,EQ,2024-07-05
KTIL,EQ,2019-12-30
KTKBANK,EQ,2024-07-05
KUANTUM,EQ,2024-07-05
KWALITY,EQ,2021-02-23
L&TFH,EQ,2024-04-22
LAGNAM,EQ,2024-02-15
LAKPRE,EQ,2018-09-24
LAKSHMIEFL,EQ,2018-08-16
LAKSHVILAS,EQ,2020-11-25
LAL,EQ,2024-07-05
LALPATHLAB,EQ,2024-07-05
LAMBODHARA,EQ,2024-07-05
LANCER,EQ,2023-04-28
LANCORHOL,EQ,2024-07-05
LANDMARK,EQ,2024-07-05
LAOPALA,EQ,2024-07-05
LASA,EQ,2024-07-05
LATENTVIEW,EQ,2024-04-22
LATTEYS,EQ,2024-02-12
LAURUSLABS,EQ,2024-07-05
LAXMICOT,EQ,2024-07-05
LAXMIMACH,EQ,2024-07-05
LCCINFOTEC,EQ,2024-01-12
LEEL,EQ,2019-05-21
LEMONTREE,EQ,2024-07-05
LEXUS,EQ,2024-07-05
LFIC,EQ,2024-07-05
LGBBROSLTD,EQ,2024-07-05
LGBFORGE,EQ,2024-06-25
LGHL,EQ,2024-04-22
LIBAS,EQ,2024-07-05
LIBERTSHOE,EQ,2024-07-05
LICHSGFIN,EQ,2024-07-05
LICI,EQ,2024-07-05
LICMFGOLD,EQ,2024-07-05
LICNETFGSC,EQ,2024-07-05
LICNETFN50,EQ,2024-07-05
LICNETFSEN,EQ,2024-07-05
LICNFNHGP,EQ,2024-07-05
LICNMID100,EQ,2024-07-05
LIKHITHA,EQ,2024-07-05
LINC,EQ,2024-07-05
LINCOLN,EQ,2024-07-05
LINCPEN,EQ,2021-12-17
LINDEINDIA,EQ,2024-07-05
LIQUID,EQ,2024-07-05
LIQUID1,EQ,2024-07-05
LIQUIDADD,EQ,2024-07-05
LIQUIDBEES,EQ,2024-07-05
LIQUIDBETF,EQ,2024-07-05
LIQUIDCASE,EQ,2024-07-05
LIQUIDETF,EQ,2024-07-05
LIQUIDIETF,EQ,2024-07-05
LIQUIDSBI,EQ,2024-07-05
LITL,EQ,2018-09-12
LLOYDELENG,EQ,2017-06-16
LLOYDSENGG,EQ,2024-07-05
LLOYDSME,EQ,2024-07-05
LML,EQ,2018-05-14
LODHA,EQ,2024-07-05
LOKESHMACH,EQ,2024-04-22
LORDSCHLO,EQ,2024-03-20
LOTUSEYE,EQ,2024-07-05
LOVABLE,EQ,2024-07-05
LOWVOL,EQ,2024-07-05
LOWVOL1,EQ,2024-07-05
LOWVOLIETF,EQ,2024-07-05
LOWVOLIWIN,EQ,2018-04-09
LOYALTEX,EQ,2024-07-05
LPDC,EQ,2024-07-05
LSIL,EQ,2023-08-09
LT,EQ,2024-07-05
LTF,EQ,2024-07-05
LTFOODS,EQ,2024-07-05
LTGILTBEES,EQ,2024-07-05
LTI,EQ,2022-12-02
LTIM,EQ,2024-07-05
LTTS,EQ,2024-07-05
LUMAXAUTO,EQ,2016-05-20
LUMAXIND,EQ,2024-07-05
LUMAXTECH,EQ,2024-07-05
LUPIN,EQ,2024-07-05
LUXIND,EQ,2024-07-05
LXCHEM,EQ,2024-07-05
LYCOS,EQ,2018-10-05
LYKALABS,EQ,2024-07-05
LYPSAGEMS,EQ,2024-07-05
M&M,EQ,2024-07-05
M&MFIN,EQ,2024-07-05
M100,EQ,2021-06-15
M50,EQ,2021-06-15
MAANALU,EQ,2024-07-05
MACPOWER,EQ,2024-05-15
MADHAV,EQ,2024-01-10
MADHUCON,EQ,2023-11-28
MADRASFERT,EQ,2024-07-05
MAESGETF,EQ,2023-08-31
MAFANG,EQ,2024-07-05
MAFSETF,EQ,2023-08-31
MAGADSUGAR,EQ,2024-07-05
MAGMA,EQ,2021-06-08
MAGNUM,EQ,2024-07-05
MAGOLDETF,EQ,2023-08-31
MAGS813ETF,EQ,2023-08-30
MAHABANK,EQ,2024-07-05
MAHAPEXLTD,EQ,2024-07-05
MAHASTEEL,EQ,2024-07-05
MAHEPC,EQ,2024-06-18
MAHESHWARI,EQ,2024-07-05
MAHINDCIE,EQ,2023-06-16
MAHKTECH,EQ,2024-07-05
MAHLIFE,EQ,2024-07-05
MAHLOG,EQ,2024-07-05
MAHSCOOTER,EQ,2024-07-05
MAHSEAMLES,EQ,2024-07-05
MAITHANALL,EQ,2024-07-05
MAJESCO,EQ,2021-10-20
MAKEINDIA,EQ,2024-07-05
MALLCOM,EQ,2024-07-05
MALUPAPER,EQ,2024-02-02
MAM150ETF,EQ,2023-08-31
MAMFGETF,EQ,2023-08-31
MAN50ETF,EQ,2023-08-31
MANAKALUCO,EQ,2024-07-05
MANAKCOAT,EQ,2024-05-09
MANAKINDST,EQ,2017-11-22
MANAKSIA,EQ,2024-07-05
MANAKSTEEL,EQ,2024-01-30
MANALIPETC,EQ,2024-07-05
MANAPPURAM,EQ,2024-07-05
MANDHANA,EQ,2019-02-13
MANGALAM,EQ,2024-07-05
MANGCHEFER,EQ,2024-07-05
MANGLMCEM,EQ,2024-07-05
MANGTIMBER,EQ,2022-01-04
MANINDS,EQ,2024-07-05
MANINFRA,EQ,2024-07-05
MANKIND,EQ,2024-07-05
MANOMAY,EQ,2024-07-05
MANORAMA,EQ,2024-04-22
MANORG,EQ,2024-05-02
MANPASAND,EQ,2019-09-23
MANUGRAPH,EQ,2024-07-05
MANV30F,EQ,2023-08-31
MANXT50,EQ,2023-08-31
MANYAVAR,EQ,2024-07-05
MAPMYINDIA,EQ,2024-07-05
MARALOVER,EQ,2024-07-05
MARATHON,EQ,2024-07-05
MARICO,EQ,2024-07-05
MARINE,EQ,2024-07-05
MARKSANS,EQ,2024-07-05
MARSHALL,EQ,2024-03-15
MARUTI,EQ,2024-07-05
MASFIN,EQ,2024-07-05
MASILVER,EQ,2023-08-31
MASKINVEST,EQ,2024-07-04
MASPTOP50,EQ,2024-07-05
MASTEK,EQ,2024-07-05
MATRIMONY,EQ,2024-07-05
MAWANASUG,EQ,2024-07-05
MAX,EQ,2016-02-25
MAXESTATES,EQ,2024-07-05
MAXHEALTH,EQ,2024-07-05
MAXIND,EQ,2024-07-05
MAXINDIA,EQ,2020-06-11
MAXVIL,EQ,2023-08-10
MAXWELL,EQ,2016-12-20
MAYURUNIQ,EQ,2024-07-05
MAZDA,EQ,2024-07-05
MAZDOCK,EQ,2024-07-05
MBAPL,EQ,2024-07-05
MBECL,EQ,2024-05-29
MBLINFRA,EQ,2024-07-05
MCDHOLDING,EQ,2021-09-22
MCDOWELL-N,EQ,2024-06-06
MCL,EQ,2024-07-05
MCLEODRUSS,EQ,2024-07-05
MCX,EQ,2024-07-05
MEDANTA,EQ,2024-07-05
MEDIASSIST,EQ,2024-07-05
MEDICAMEQ,EQ,2024-07-05
MEDICO,EQ,2024-03-27
MEDPLUS,EQ,2024-07-05
MEGASOFT,EQ,2024-07-05
MEGASTAR,EQ,2024-07-05
MEGH,EQ,2021-05-17
MELSTAR,EQ,2017-05-05
MENONBE,EQ,2024-07-05
MEP,EQ,2024-03-19
MERCATOR,EQ,2022-05-24
MERCK,EQ,2019-06-10
METALFORGE,EQ,2021-02-24
METKORE,EQ,2018-08-27
METROBRAND,EQ,2024-07-05
METROPOLIS,EQ,2024-07-05
MFL,EQ,2023-09-08
MFSL,EQ,2024-07-05
MGEL,EQ,2024-07-05
MGL,EQ,2024-07-05
MHLXMIRU,EQ,2024-07-05
MHRIL,EQ,2024-07-05
MIC,EQ,2021-05-14
MICEL,EQ,2024-07-05
MICROSEC,EQ,2016-11-21
MID150BEES,EQ,2024-07-05
MID150CASE,EQ,2024-07-05
MIDCAP,EQ,2024-07-05
MIDCAPETF,EQ,2024-07-05
MIDCAPIETF,EQ,2024-07-05
MIDCAPIWIN,EQ,2018-04-09
MIDHANI,EQ,2024-07-05
MIDQ50ADD,EQ,2024-07-05
MIDSELIETF,EQ,2024-07-05
MIDSMALL,EQ,2024-07-05
MIL,EQ,2019-06-28
MINDACORP,EQ,2024-07-05
MINDAIND,EQ,2022-08-04
MINDTECK,EQ,2024-07-05
MINDTREE,EQ,2022-11-22
MIRCELECTR,EQ,2024-07-05
MIRZAINT,EQ,2024-07-05
MITCON,EQ,2024-07-05
MITTAL,EQ,2024-07-05
MKPL,EQ,2024-01-18
MMFL,EQ,2024-07-05
MMP,EQ,2024-07-05
MMTC,EQ,2024-07-05
MNC,EQ,2024-07-05
MODIRUBBER,EQ,2024-04-22
MODISNME,EQ,2022-08-12
MODISONLTD,EQ,2024-04-22
MOGSEC,EQ,2024-07-05
MOHEALTH,EQ,2024-07-05
MOHITIND,EQ,2024-06-26
MOHOTAIND,EQ,2021-11-18
MOHOTAMILL,EQ,2017-12-22
MOIL,EQ,2024-07-05
MOKSH,EQ,2024-02-29
MOL,EQ,2024-07-05
MOLDTECH,EQ,2024-07-05
MOLDTKPAC,EQ,2024-07-05
MOLOWVOL,EQ,2024-07-05
MOM100,EQ,2024-07-05
MOM30IETF,EQ,2024-07-05
MOM50,EQ,2024-07-05
MOMENTUM,EQ,2024-07-05
MOMOMENTUM,EQ,2024-07-05
MON100,EQ,2024-07-05
MONARCH,EQ,2024-07-05
MONIFTY500,EQ,2024-07-05
MONNETISPA,EQ,2018-07-31
MONQ50,EQ,2024-07-05
MONSANTO,EQ,2019-09-26
MONTECARLO,EQ,2024-07-05
MOQUALITY,EQ,2024-07-05
MORARJEE,EQ,2024-01-30
MOREALTY,EQ,2024-07-05
MOREPENLAB,EQ,2024-07-05
MOSERBAER,EQ,2018-06-06
MOSMALL250,EQ,2024-07-05
MOTHERSON,EQ,2024-07-05
MOTHERSUMI,EQ,2022-06-08
MOTILALOFS,EQ,2024-07-05
MOTISONS,EQ,2024-07-05
MOTOGENFIN,EQ,2024-07-05
MOVALUE,EQ,2024-07-05
MPHASIS,EQ,2024-07-05
MPSLTD,EQ,2024-07-05
MRF,EQ,2024-07-05
MRO-TEK,EQ,2024-05-17
MRPL,EQ,2024-07-05
MSPL,EQ,2024-07-05
MSTCLTD,EQ,2024-07-05
MSUMI,EQ,2024-07-05
MTARTECH,EQ,2024-07-05
MTEDUCARE,EQ,2022-12-23
MTNL,EQ,2024-07-05
MUFIN,EQ,2024-07-05
MUFTI,EQ,2024-07-05
MUKANDENGG,EQ,2021-04-06
MUKANDLTD,EQ,2024-07-05
MUKKA,EQ,2024-07-05
MUKTAARTS,EQ,2024-07-05
MUNJALAU,EQ,2024-07-05
MUNJALSHOW,EQ,2024-07-05
MURUDCERA,EQ,2024-07-05
MUTHOOTCAP,EQ,2024-07-05
MUTHOOTFIN,EQ,2024-07-05
MUTHOOTMF,EQ,2024-07-05
MVGJL,EQ,2024-07-05
MVL,EQ,2019-08-16
MYSOREBANK,EQ,2017-03-15
N100,EQ,2021-06-15
NACLIND,EQ,2024-07-05
NAGAAGRI,EQ,2017-09-28
NAGAFERT,EQ,2024-07-05
NAGAROIL,EQ,2019-08-22
NAGREEKCAP,EQ,2024-07-01
NAGREEKEXP,EQ,2024-07-05
NAHARCAP,EQ,2024-07-05
NAHARINDUS,EQ,2024-07-05
NAHARPOLY,EQ,2024-07-05
NAHARSPING,EQ,2024-07-05
NAKODA,EQ,2018-02-21
NAM-INDIA,EQ,2024-07-05
NARMADA,EQ,2024-02-05
NATCOPHARM,EQ,2024-07-05
NATHBIOGEN,EQ,2024-07-05
NATIONALUM,EQ,2024-07-05
NATNLSTEEL,EQ,2022-01-10
NAUKRI,EQ,2024-07-05
NAVA,EQ,2024-07-05
NAVINFLUOR,EQ,2024-07-05
NAVINIFTY,EQ,2024-07-05
NAVKARCORP,EQ,2024-07-05
NAVNETEDUL,EQ,2024-07-05
NAZARA,EQ,2024-07-05
NBCC,EQ,2024-07-05
NBIFIN,EQ,2024-07-05
NBVENTURES,EQ,2022-07-28
NCC,EQ,2024-07-05
NCLIND,EQ,2024-07-05
NCPSESDL24,EQ,2022-05-09
NDGL,EQ,2024-07-02
NDL,EQ,2024-07-05
NDLVENTURE,EQ,2024-07-05
NDRAUTO,EQ,2024-07-05
NDTV,EQ,2024-07-05
NECCLTD,EQ,2024-07-05
NECLIFE,EQ,2024-07-05
NELCAST,EQ,2024-07-05
NELCO,EQ,2024-07-05
NEOGEN,EQ,2024-07-05
NESCO,EQ,2024-07-05
NESTLEIND,EQ,2024-07-05
NET4,EQ,2017-03-23
NETF,EQ,2024-07-05
NETFAUTO,EQ,2022-05-09
NETFCONSUM,EQ,2022-05-09
NETFDIVOPP,EQ,2022-05-09
NETFGILT5Y,EQ,2022-05-09
NETFIT,EQ,2022-05-09
NETFLTGILT,EQ,2022-05-09
NETFMID150,EQ,2022-05-09
NETFNIF100,EQ,2022-05-09
NETFNV20,EQ,2022-05-09
NETFPHARMA,EQ,2022-05-09
NETFSDL26,EQ,2022-05-09
NETFSILVER,EQ,2022-05-09
NETWEB,EQ,2024-07-05
NETWORK18,EQ,2024-07-05
NEULANDLAB,EQ,2024-07-05
NEWGEN,EQ,2024-07-05
NEXT50,EQ,2024-07-05
NEXT50IETF,EQ,2024-07-05
NEXTMEDIA,EQ,2024-07-05
NEYVELILIG,EQ,2016-08-03
NFL,EQ,2024-07-05
NGCT,EQ,2016-08-24
NGIL,EQ,2024-07-05
NGLFINE,EQ,2024-07-05
NH,EQ,2024-07-05
NHPC,EQ,2024-07-05
NIACL,EQ,2024-07-05
NIBL,EQ,2024-07-05
NICCO,EQ,2016-01-01
NIF100BEES,EQ,2024-07-05
NIF100IETF,EQ,2024-07-05
NIF100IWIN,EQ,2018-04-09
NIF10GETF,EQ,2024-07-05
NIF5GETF,EQ,2024-07-05
NIFITETF,EQ,2024-07-05
NIFMID150,EQ,2024-07-05
NIFTY1,EQ,2024-07-05
NIFTY50ADD,EQ,2024-07-05
NIFTYBEES,EQ,2024-07-05
NIFTYBETF,EQ,2024-07-05
NIFTYEES,EQ,2021-09-29
NIFTYETF,EQ,2024-07-05
NIFTYIETF,EQ,2024-07-05
NIFTYIWIN,EQ,2018-04-09
NIFTYQLITY,EQ,2024-07-05
NIITLTD,EQ,2024-07-05
NIITMTS,EQ,2024-07-05
NIITTECH,EQ,2020-08-19
NILAINFRA,EQ,2024-07-05
NILASPACES,EQ,2024-04-25
NILKAMAL,EQ,2024-07-05
NINSYS,EQ,2024-07-05
NIPPOBATRY,EQ,2024-07-05
NIRAJ,EQ,2024-07-05
NIRVIKARA,EQ,2016-09-02
NITCO,EQ,2024-07-05
NITESHEST,EQ,2019-10-30
NITINFIRE,EQ,2019-08-28
NITINSPIN,EQ,2024-07-05
NITIRAJ,EQ,2024-05-09
NKIND,EQ,2024-07-05
NLCINDIA,EQ,2024-07-05
NMDC,EQ,2024-07-05
NOCIL,EQ,2024-07-05
NOESISIND,EQ,2017-03-23
NOIDATOLL,EQ,2024-06-12
NORBTEAEXP,EQ,2024-07-05
NOVAAGRI,EQ,2024-07-05
NOVARTIND,EQ,2023-10-25
NPBET,EQ,2024-07-05
NRAIL,EQ,2024-07-05
NRBBEARING,EQ,2024-07-05
NRL,EQ,2024-07-05
NSIL,EQ,2024-07-05
NSLNISP,EQ,2024-07-05
NTL,EQ,2021-12-01
NTPC,EQ,2024-07-05
NUCLEUS,EQ,2024-07-05
NURECA,EQ,2024-07-05
NUTEK,EQ,2019-03-29
NUVAMA,EQ,2024-07-05
NUVOCO,EQ,2024-07-05
NV20,EQ,2024-07-05
NV20BEES,EQ,2024-07-05
NV20IETF,EQ,2024-07-05
NV20IWIN,EQ,2018-04-09
NXTDIGITAL,EQ,2023-05-08
NYKAA,EQ,2024-07-05
OAL,EQ,2024-07-05
OBCL,EQ,2024-07-05
OBEROIRLTY,EQ,2024-07-05
OCCL,EQ,2024-06-28
OCL,EQ,2018-10-24
OFSS,EQ,2024-07-05
OIL,EQ,2024-07-05
OILCOUNTUB,EQ,2024-01-10
OISL,EQ,2020-11-27
OLECTRA,EQ,2024-07-05
OMAXAUTO,EQ,2024-02-07
OMAXE,EQ,2024-07-05
OMINFRAL,EQ,2024-06-25
OMKARCHEM,EQ,2022-11-02
OMMETALS,EQ,2021-02-09
OMNITECH,EQ,2016-11-17
ONELIFECAP,EQ,2024-04-01
ONEPOINT,EQ,2024-07-05
ONGC,EQ,2024-07-05
ONMOBILE,EQ,2024-07-05
ONWARDTEC,EQ,2024-07-05
OPTIEMUS,EQ,2024-07-05
OPTOCIRCUI,EQ,2021-02-19
ORBITCORP,EQ,2017-02-15
ORBTEXP,EQ,2024-07-05
ORCHIDPHAR,EQ,2017-09-27
ORCHPHARMA,EQ,2024-07-05
ORICONENT,EQ,2024-07-05
ORIENTABRA,EQ,2023-07-12
ORIENTALTL,EQ,2024-07-05
ORIENTBANK,EQ,2020-03-20
ORIENTBELL,EQ,2024-07-05
ORIENTCEM,EQ,2024-07-05
ORIENTCER,EQ,2024-07-05
ORIENTELEC,EQ,2024-07-05
ORIENTHOT,EQ,2024-07-05
ORIENTLTD,EQ,2024-07-05
ORIENTPPR,EQ,2024-07-05
ORIENTREF,EQ,2021-07-20
ORISSAMINE,EQ,2024-07-05
ORTEL,EQ,2019-09-23
ORTINLAB,EQ,2024-07-05
ORTINLABSS,EQ,2021-01-11
OSIAHYPER,EQ,2024-01-30
OSWALAGRO,EQ,2024-07-05
OSWALGREEN,EQ,2024-07-05
OSWALSEEDS,EQ,2024-04-10
OUDHSUG,EQ,2017-03-22
PAEL,EQ,2022-04-08
PAGEIND,EQ,2024-07-05
PAISALO,EQ,2024-07-05
PAKKA,EQ,2024-07-05
PALASHSECU,EQ,2024-07-05
PALREDTEC,EQ,2024-04-01
PALREDTECH,EQ,2016-04-25
PANACEABIO,EQ,2024-07-05
PANACHE,EQ,2024-06-14
PANAMAPET,EQ,2024-07-05
PANORAMUNI,EQ,2018-05-21
PANSARI,EQ,2024-07-05
PAPERPROD,EQ,2020-11-25
PAR,EQ,2024-07-05
PARABDRUGS,EQ,2018-09-21
PARACABLES,EQ,2024-04-22
PARADEEP,EQ,2024-07-05
PARAGMILK,EQ,2024-07-05
PARAPRINT,EQ,2016-05-20
PARAS,EQ,2024-07-05
PARKHOTELS,EQ,2024-07-05
PARRYSUGAR,EQ,2017-05-24
PARSVNATH,EQ,2024-07-05
PASUPTAC,EQ,2024-07-05
PATANJALI,EQ,2024-07-05
PATELENG,EQ,2024-07-05
PATINTLOG,EQ,2024-07-05
PATSPINLTD,EQ,2022-01-03
PAVNAIND,EQ,2024-07-05
PAYTM,EQ,2024-07-05
PBAINFRA,EQ,2022-08-23
PCBL,EQ,2024-07-05
PCJEWELLER,EQ,2024-07-05
PDMJEPAPER,EQ,2024-07-05
PDPL,EQ,2021-10-28
PDSL,EQ,2024-07-05
PDSMFL,EQ,2022-02-16
PDUMJEIND,EQ,2018-05-03
PDUMJEPULP,EQ,2018-01-18
PEARLPOLY,EQ,2024-05-15
PEL,EQ,2024-07-05
PENIND,EQ,2024-07-05
PENINLAND,EQ,2024-07-05
PENPEBS,EQ,2019-06-06
PERSISTENT,EQ,2024-07-05
PETRONENGG,EQ,2019-03-22
PETRONET,EQ,2024-07-05
PFC,EQ,2024-07-05
PFIZER,EQ,2024-07-05
PFOCUS,EQ,2024-07-05
PFRL,EQ,2016-01-28
PFS,EQ,2024-07-05
PGEL,EQ,2024-07-05
PGHH,EQ,2024-07-05
PGHL,EQ,2024-07-05
PGIL,EQ,2024-07-05
PHARMABEES,EQ,2024-07-05
PHILIPCARB,EQ,2022-01-12
PHOENIXLL,EQ,2017-09-11
PHOENIXLTD,EQ,2024-07-05
PIDILITIND,EQ,2024-07-05
PIGL,EQ,2024-02-22
PIIND,EQ,2024-07-05
PILANIINVS,EQ,2024-07-05
PILITA,EQ,2024-07-05
PINCON,EQ,2018-05-21
PIONDIST,EQ,2023-01-05
PIONEEREMB,EQ,2024-07-05
PIPAVAVDOC,EQ,2016-03-17
PIRPHYTO,EQ,2017-04-06
PITTIENG,EQ,2024-07-05
PITTILAM,EQ,2018-06-05
PIXTRANS,EQ,2024-07-05
PKTEA,EQ,2024-06-27
PLASTIBLEN,EQ,2024-07-05
PLATIND,EQ,2024-07-05
PLAZACABLE,EQ,2024-07-05
PNB,EQ,2024-07-05
PNBGILTS,EQ,2024-07-05
PNBHOUSING,EQ,2024-07-05
PNC,EQ,2024-07-05
PNCINFRA,EQ,2024-07-05
PNEUMATIC,EQ,2017-05-19
POCHIRAJU,EQ,2018-11-19
POCL,EQ,2024-07-05
PODDARHOUS,EQ,2023-10-27
PODDARMENT,EQ,2024-07-05
POKARNA,EQ,2024-07-05
POLARIS,EQ,2018-07-24
POLICYBZR,EQ,2024-07-05
POLYCAB,EQ,2024-07-05
POLYMED,EQ,2024-07-05
POLYPLEX,EQ,2024-07-05
PONNIERODE,EQ,2024-07-05
POONAWALLA,EQ,2024-07-05
POWERGRID,EQ,2024-07-05
POWERINDIA,EQ,2024-07-05
POWERMECH,EQ,2024-07-05
PPAP,EQ,2024-07-05
PPL,EQ,2024-07-05
PPLPHARMA,EQ,2024-07-05
PRABHAT,EQ,2021-04-22
PRADIP,EQ,2021-10-14
PRAENG,EQ,2024-07-05
PRAJIND,EQ,2024-07-05
PRAKASH,EQ,2024-07-05
PRAKASHCON,EQ,2019-07-29
PRAKASHSTL,EQ,2024-01-08
PRATIBHA,EQ,2018-09-24
PRAXIS,EQ,2024-03-14
PRECAM,EQ,2024-07-05
PRECOT,EQ,2024-07-05
PRECWIRE,EQ,2024-07-05
PREMEXPLN,EQ,2024-06-24
PREMIER,EQ,2022-05-24
PREMIERPOL,EQ,2024-07-05
PRESSMN,EQ,2023-06-06
PRESTIGE,EQ,2024-07-05
PRICOL,EQ,2016-12-02
PRICOLLTD,EQ,2024-07-05
PRIMESECU,EQ,2024-07-05
PRINCEPIPE,EQ,2024-07-05
PRISMCEM,EQ,2018-05-03
PRITI,EQ,2024-07-05
PRITIKAUTO,EQ,2024-07-05
PRIVISCL,EQ,2024-07-05
PROINDIA,EQ,2021-11-29
PROSEED,EQ,2020-12-17
PROVOGE,EQ,2019-10-24
PROZONER,EQ,2024-07-05
PROZONINTU,EQ,2023-08-03
PRSMJOHNSN,EQ,2024-07-05
PRUDENT,EQ,2024-07-05
PRUDMOULI,EQ,2024-07-05
PSB,EQ,2024-07-05
PSL,EQ,2020-08-17
PSPPROJECT,EQ,2024-07-05
PSUBANK,EQ,2024-07-05
PSUBANKADD,EQ,2024-07-05
PSUBANKICI,EQ,2023-12-19
PSUBNKBEES,EQ,2024-07-05
PSUBNKIETF,EQ,2024-07-05
PTC,EQ,2024-07-05
PTCIL,EQ,2024-07-05
PTL,EQ,2024-07-05
PUNJABCHEM,EQ,2024-07-05
PUNJLLOYD,EQ,2019-09-23
PURVA,EQ,2024-04-18
PVP,EQ,2024-07-05
PVR,EQ,2023-05-11
PVRINOX,EQ,2024-07-05
PVSL,EQ,2024-07-05
PVTBANIETF,EQ,2024-07-05
PVTBANKADD,EQ,2024-07-05
PYRAMID,EQ,2024-07-05
QGOLDHALF,EQ,2024-07-05
QNIFTY,EQ,2024-07-05
QUAL30IETF,EQ,2024-07-05
QUESS,EQ,2024-07-05
QUICKHEAL,EQ,2024-07-05
QUINTEGRA,EQ,2019-05-31
RACE,EQ,2024-07-05
RADAAN,EQ,2024-05-24
RADHIKAJWE,EQ,2024-07-05
RADIANTCMS,EQ,2024-07-05
RADICO,EQ,2024-07-05
RADIOCITY,EQ,2024-07-05
RAILTEL,EQ,2024-07-05
RAIN,EQ,2024-07-05
RAINBOW,EQ,2024-07-05
RAINBOWPAP,EQ,2018-07-04
RAIREKMOH,EQ,2017-07-31
RAJESHEXPO,EQ,2024-07-05
RAJMET,EQ,2024-07-05
RAJOIL,EQ,2017-11-21
RAJRATAN,EQ,2024-07-05
RAJRAYON,EQ,2017-12-06
RAJRILTD,EQ,2022-04-29
RAJSREESUG,EQ,2024-07-05
RAJTV,EQ,2024-01-30
RAJVIR,EQ,2018-03-16
RALLIS,EQ,2024-07-05
RAMANEWS,EQ,2024-07-05
RAMAPHO,EQ,2024-07-05
RAMASTEEL,EQ,2024-07-05
RAMCOCEM,EQ,2024-07-05
RAMCOIND,EQ,2024-07-05
RAMCOSYS,EQ,2024-04-22
RAMKY,EQ,2024-07-05
RAMRAT,EQ,2024-07-05
RANASUG,EQ,2024-07-05
RANEENGINE,EQ,2024-07-05
RANEHOLDIN,EQ,2024-07-05
RASOYPR,EQ,2017-08-07
RATEGAIN,EQ,2024-07-05
RATNAMANI,EQ,2024-07-05
RATNAVEER,EQ,2024-07-05
RAYMOND,EQ,2024-07-05
RBA,EQ,2024-07-05
RBL,EQ,2024-07-05
RBLBANK,EQ,2024-07-05
RBZJEWEL,EQ,2024-05-17
RCF,EQ,2024-07-05
RCOM,EQ,2022-05-24
RDEL,EQ,2017-09-15
RECLTD,EQ,2024-07-05
REDINGTON,EQ,2024-07-05
REDTAPE,EQ,2024-07-05
REFEX,EQ,2024-07-05
REGENCERAM,EQ,2024-03-14
REIAGROLTD,EQ,2017-08-07
REISIXTEN,EQ,2016-11-07
RELAXO,EQ,2024-07-05
RELBANK,EQ,2016-11-02
RELCAPITAL,EQ,2022-05-24
RELCHEMQ,EQ,2024-07-05
RELCNX100,EQ,2019-10-29
RELCONS,EQ,2019-10-29
RELDIVOPP,EQ,2019-10-29
RELGOLD,EQ,2016-11-02
RELGRNIFTY,EQ,2016-06-22
RELIANCE,EQ,2024-07-05
RELIGARE,EQ,2024-07-05
RELIGAREGO,EQ,2016-06-22
RELINFRA,EQ,2024-07-05
RELNIFTY,EQ,2016-11-02
RELNV20,EQ,2019-10-29
REMSONSIND,EQ,2024-07-05
RENUKA,EQ,2024-07-05
REPCOHOME,EQ,2024-07-05
REPL,EQ,2024-07-05
REPRO,EQ,2024-07-05
RESPONIND,EQ,2024-07-05
RETFMID150,EQ,2019-10-29
REVATHI,EQ,2023-07-04
RGL,EQ,2024-07-05
RHFL,EQ,2024-01-01
RHIM,EQ,2024-07-05
RHL,EQ,2024-07-05
RICOAUTO,EQ,2024-07-05
RIIL,EQ,2024-07-05
RISHABH,EQ,2024-07-05
RITCO,EQ,2024-07-05
RITES,EQ,2024-07-05
RJL,EQ,2019-04-05
RKDL,EQ,2024-06-26
RKEC,EQ,2024-07-05
RKFORGE,EQ,2024-07-05
RKSWAMY,EQ,2024-07-05
RMCL,EQ,2021-02-19
RML,EQ,2024-07-05
RMMIL,EQ,2016-05-20
RNAM,EQ,2020-01-22
RNAVAL,EQ,2021-01-22
ROHITFERRO,EQ,2022-04-07
ROHLTD,EQ,2024-07-05
ROLEXRINGS,EQ,2024-07-05
ROLLT,EQ,2024-04-03
ROLTA,EQ,2022-08-22
ROML,EQ,2024-04-29
ROSSARI,EQ,2024-07-05
ROSSELLIND,EQ,2024-07-05
ROTO,EQ,2024-07-05
ROUTE,EQ,2024-07-05
RPGLIFE,EQ,2024-07-05
RPOWER,EQ,2024-07-05
RPPINFRA,EQ,2024-07-05
RPPL,EQ,2024-07-05
RPSGVENT,EQ,2024-07-05
RPTECH,EQ,2024-07-05
RRKABEL,EQ,2024-07-05
RRSLGETF,EQ,2019-10-29
RSSOFTWARE,EQ,2024-02-14
RSWM,EQ,2024-07-05
RSYSTEMS,EQ,2024-07-05
RTNINDIA,EQ,2024-07-05
RTNINFRA,EQ,2021-04-06
RTNPOWER,EQ,2024-07-05
RUBYMILLS,EQ,2024-07-05
RUCHI,EQ,2022-05-24
RUCHINFRA,EQ,2024-07-05
RUCHIRA,EQ,2024-07-05
RUCHISOYA,EQ,2019-11-13
RUPA,EQ,2024-07-05
RUSHIL,EQ,2024-07-05
RUSTOMJEE,EQ,2024-07-05
RVHL,EQ,2024-07-05
RVNL,EQ,2024-07-05
S&SPOWER,EQ,2023-06-23
SABEVENTS,EQ,2023-05-03
SABTN,EQ,2021-06-17
SABTNL,EQ,2024-04-19
SADBHAV,EQ,2024-04-22
SADBHIN,EQ,2024-07-05
SADHNANIQ,EQ,2024-07-05
SAFARI,EQ,2024-07-05
SAGARDEEP,EQ,2024-07-05
SAGCEM,EQ,2024-07-05
SAH,EQ,2024-07-05
SAHYADRI,EQ,2024-07-05
SAIL,EQ,2024-07-05
SAKAR,EQ,2024-07-05
SAKHTISUG,EQ,2024-07-05
SAKSOFT,EQ,2024-07-05
SAKUMA,EQ,2024-07-05
SALASAR,EQ,2024-07-05
SALONA,EQ,2024-07-05
SALORAINTL,EQ,2019-04-16
SALSTEEL,EQ,2023-12-22
SALZERELEC,EQ,2024-07-05
SAMBHAAV,EQ,2024-07-05
SAMHI,EQ,2024-07-05
SAMPANN,EQ,2024-06-26
SAMTEL,EQ,2017-11-21
SANCO,EQ,2022-10-04
SANDESH,EQ,2024-07-05
SANDHAR,EQ,2024-07-05
SANDUMA,EQ,2024-07-05
SANGAMIND,EQ,2024-07-05
SANGHIIND,EQ,2024-07-05
SANGHVIFOR,EQ,2021-04-30
SANGHVIMOV,EQ,2024-07-05
SANGINITA,EQ,2024-07-05
SANOFI,EQ,2024-07-05
SANSERA,EQ,2024-07-05
SANWARIA,EQ,2020-09-11
SAPPHIRE,EQ,2024-07-05
SARDAEN,EQ,2024-07-05
SAREGAMA,EQ,2024-07-05
SARLAPOLY,EQ,2024-07-05
SARVESHWAR,EQ,2024-07-05
SASKEN,EQ,2024-07-05
SASTASUNDR,EQ,2024-07-05
SATHAISPAT,EQ,2020-05-18
SATIA,EQ,2024-07-05
SATIN,EQ,2024-07-05
SATINDLTD,EQ,2024-07-05
SAURASHCEM,EQ,2024-07-05
SBBJ,EQ,2017-03-15
SBC,EQ,2024-07-05
SBCL,EQ,2024-07-05
SBFC,EQ,2024-07-05
SBGLP,EQ,2024-07-05
SBICARD,EQ,2024-07-05
SBIETFCON,EQ,2024-07-05
SBIETFIT,EQ,2024-07-05
SBIETFPB,EQ,2024-07-05
SBIETFQLTY,EQ,2024-07-05
SBILIFE,EQ,2024-07-05
SBIN,EQ,2024-07-05
SBT,EQ,2017-03-15
SCAPDVR,EQ,2023-06-06
SCHAEFFLER,EQ,2024-07-05
SCHAND,EQ,2024-07-05
SCHNEIDER,EQ,2024-07-05
SCI,EQ,2024-07-05
SCILAL,EQ,2024-07-05
SCPL,EQ,2024-07-05
SDBL,EQ,2024-07-05
SDL24BEES,EQ,2024-07-05
SDL26BEES,EQ,2024-07-05
SEAMECLTD,EQ,2024-07-05
SECMARK,EQ,2024-04-22
SECURCRED,EQ,2024-06-21
SECURKLOUD,EQ,2024-01-30
SEINV,EQ,2018-01-23
SEJALLTD,EQ,2022-04-25
SELAN,EQ,2024-07-05
SELMC,EQ,2024-07-05
SELMCL,EQ,2020-03-26
SEMAC,EQ,2024-05-22
SENCO,EQ,2024-07-05
SENSEXADD,EQ,2024-07-05
SENSEXETF,EQ,2024-07-05
SENSEXIETF,EQ,2024-07-05
SENSEXIWIN,EQ,2018-04-09
SEPC,EQ,2024-07-05
SEPOWER,EQ,2023-06-14
SEQUENT,EQ,2024-07-05
SERVALL,EQ,2017-08-22
SERVOTECH,EQ,2024-07-05
SESHAPAPER,EQ,2024-07-05
SETCO,EQ,2024-04-29
SETF10GILT,EQ,2024-07-05
SETFGOLD,EQ,2024-07-05
SETFNIF50,EQ,2024-07-05
SETFNIFBK,EQ,2024-07-05
SETFNN50,EQ,2024-07-05
SETUINFRA,EQ,2022-11-16
SEYAIND,EQ,2023-05-22
SEZAL,EQ,2017-12-01
SFCL,EQ,2017-03-30
SFL,EQ,2024-07-05
SGIL,EQ,2024-07-05
SGJHL,EQ,2016-11-21
SGL,EQ,2024-07-05
SHAH,EQ,2024-07-05
SHAHALLOYS,EQ,2024-07-05
SHAILY,EQ,2024-07-05
SHAKTIPUMP,EQ,2024-06-06
SHALBY,EQ,2024-07-05
SHALPAINTS,EQ,2024-07-05
SHANKARA,EQ,2024-07-05
SHANTI,EQ,2024-02-16
SHANTIGEAR,EQ,2024-07-05
SHARDACROP,EQ,2024-07-05
SHARDAMOTR,EQ,2024-07-05
SHAREINDIA,EQ,2024-07-05
SHARIABEES,EQ,2024-07-05
SHARONBIO,EQ,2017-09-13
SHEMAROO,EQ,2024-07-05
SHIL,EQ,2022-06-20
SHILPAMED,EQ,2024-07-05
SHILPI,EQ,2018-08-16
SHIRPUR-G,EQ,2020-11-23
SHIVALIK,EQ,2024-07-05
SHIVAMAUTO,EQ,2024-07-05
SHIVAMILLS,EQ,2024-07-05
SHIVATEX,EQ,2024-07-05
SHIVTEX,EQ,2017-11-02
SHK,EQ,2024-07-05
SHOPERSTOP,EQ,2024-07-05
SHRADHA,EQ,2024-06-24
SHREDIGCEM,EQ,2024-07-05
SHREECEM,EQ,2024-07-05
SHREEPUSHK,EQ,2024-07-05
SHREERAMA,EQ,2023-06-30
SHRENIK,EQ,2024-07-05
SHRENUJ,EQ,2017-01-23
SHREYANIND,EQ,2024-07-05
SHREYAS,EQ,2024-07-05
SHRIASTER,EQ,2016-05-19
SHRIPISTON,EQ,2024-07-05
SHRIRAMCIT,EQ,2022-11-28
SHRIRAMEPC,EQ,2022-03-08
SHRIRAMFIN,EQ,2024-07-05
SHRIRAMPPS,EQ,2024-07-05
SHYAMCENT,EQ,2024-01-30
SHYAMMETL,EQ,2024-07-05
SHYAMTEL,EQ,2024-04-23
SICAGEN,EQ,2021-07-20
SICAL,EQ,2022-12-28
SICALLOG,EQ,2023-10-30
SIEMENS,EQ,2024-07-05
SIGACHI,EQ,2024-07-05
SIGIND,EQ,2024-07-05
SIGMA,EQ,2024-07-05
SIGNATURE,EQ,2024-07-05
SIGNET,EQ,2018-08-10
SIGNPOST,EQ,2024-07-05
SIKKO,EQ,2024-06-18
SIL,EQ,2024-07-05
SILGO,EQ,2024-07-05
SILINV,EQ,2024-07-05
SILLYMONKS,EQ,2024-07-05
SILVER,EQ,2024-07-05
SILVER1,EQ,2024-07-05
SILVERADD,EQ,2024-07-05
SILVERBEES,EQ,2024-07-05
SILVERETF,EQ,2024-07-05
SILVERIETF,EQ,2024-07-05
SILVERTUC,EQ,2024-07-05
SILVRETF,EQ,2024-07-05
SIMBHALS,EQ,2024-06-26
SIMPLEX,EQ,2018-09-24
SIMPLEXINF,EQ,2023-08-17
SINCLAIR,EQ,2024-07-05
SINDHUTRAD,EQ,2024-07-05
SINTERCOM,EQ,2024-07-05
SINTEX,EQ,2022-03-21
SIRCA,EQ,2024-07-05
SIS,EQ,2024-07-05
SITASHREE,EQ,2018-03-16
SITICABLE,EQ,2016-08-16
SITINET,EQ,2023-06-06
SIYSIL,EQ,2024-07-05
SJS,EQ,2024-07-05
SJVN,EQ,2024-07-05
SKFINDIA,EQ,2024-07-05
SKIL,EQ,2021-11-18
SKIPPER,EQ,2024-07-05
SKMEGGPROD,EQ,2024-07-05
SKSMICRO,EQ,2016-06-30
SKYGOLD,EQ,2024-01-11
SMALLCAP,EQ,2024-07-05
SMARTLINK,EQ,2024-05-15
SMCGLOBAL,EQ,2024-07-05
SMLISUZU,EQ,2024-07-05
SMLT,EQ,2024-07-05
SMPL,EQ,2019-08-30
SMSLIFE,EQ,2024-07-05
SMSPHARMA,EQ,2024-07-05
SNOWMAN,EQ,2024-07-05
SOBHA,EQ,2024-07-05
SOFTTECH,EQ,2024-07-05
SOFTTECHGR,EQ,2017-06-20
SOLARA,EQ,2024-07-05
SOLARINDS,EQ,2024-07-05
SOMANYCERA,EQ,2024-07-05
SOMATEX,EQ,2024-04-26
SOMICONVEY,EQ,2024-06-27
SONACOMS,EQ,2024-07-05
SONAMCLOCK,EQ,2023-10-25
SONAMLTD,EQ,2024-07-05
SONASTEER,EQ,2018-04-20
SONATSOFTW,EQ,2024-07-05
SORILHOLD,EQ,2018-04-30
SORILINFRA,EQ,2022-08-17
SOTL,EQ,2024-07-05
SOUTHBANK,EQ,2024-07-05
SOUTHWEST,EQ,2024-07-05
SPAL,EQ,2024-07-05
SPANDANA,EQ,2024-07-05
SPARC,EQ,2024-07-05
SPCENET,EQ,2024-07-05
SPECIALITY,EQ,2024-07-05
SPECTACLE,EQ,2016-03-22
SPENCERS,EQ,2024-07-05
SPENTEX,EQ,2018-09-26
SPHEREGSL,EQ,2018-04-18
SPIC,EQ,2024-07-05
SPICEJET,EQ,2023-04-28
SPICEMOBI,EQ,2019-06-06
SPLIL,EQ,2024-07-05
SPLPETRO,EQ,2024-07-05
SPMLINFRA,EQ,2024-07-05
SPORTKING,EQ,2024-07-05
SPTL,EQ,2023-03-02
SPYL,EQ,2023-11-20
SQSBFSI,EQ,2019-04-30
SREEL,EQ,2024-07-05
SREINFRA,EQ,2022-05-24
SRF,EQ,2024-07-05
SRGHFL,EQ,2024-07-05
SRHHYPOLTD,EQ,2024-07-05
SRIPIPES,EQ,2022-01-12
SRM,EQ,2024-07-05
SRPL,EQ,2023-06-30
SRSLTD,EQ,2018-08-21
SRTRANSFIN,EQ,2022-12-19
SSWL,EQ,2024-07-05
STAMPEDE,EQ,2020-06-18
STANLEY,EQ,2024-07-05
STAR,EQ,2024-07-05
STARCEMENT,EQ,2024-07-05
STARHEALTH,EQ,2024-07-05
STARPAPER,EQ,2024-07-05
STARTECK,EQ,2024-07-05
STCINDIA,EQ,2024-07-05
STEELCAS,EQ,2024-07-05
STEELCITY,EQ,2024-07-05
STEELXIND,EQ,2024-07-05
STEL,EQ,2024-07-05
STERLINBIO,EQ,2018-02-21
STERTOOLS,EQ,2024-07-05
STINDIA,EQ,2020-08-21
STLTECH,EQ,2024-07-05
STOREONE,EQ,2017-01-09
STOVEKRAFT,EQ,2024-07-05
STRTECH,EQ,2020-10-28
STYABS,EQ,2016-04-01
STYLAMIND,EQ,2024-07-05
STYRENIX,EQ,2024-07-05
SUBCAPCITY,EQ,2023-01-04
SUBEX,EQ,2020-10-21
SUBEXLTD,EQ,2024-07-05
SUBROS,EQ,2024-07-05
SUDAR,EQ,2016-08-22
SUDARSCHEM,EQ,2024-07-05
SUJANATWR,EQ,2017-02-16
SUJANAUNI,EQ,2020-11-23
SUKHJITS,EQ,2024-07-05
SULA,EQ,2024-07-05
SUMEETINDS,EQ,2022-12-27
SUMICHEM,EQ,2024-07-05
SUMIT,EQ,2024-04-09
SUMMITSEC,EQ,2024-07-05
SUNCLAY,EQ,2024-07-05
SUNCLAYLTD,EQ,2023-08-09
SUNDARAM,EQ,2024-07-05
SUNDARMFIN,EQ,2024-07-05
SUNDARMHLD,EQ,2024-07-05
SUNDRMBRAK,EQ,2024-07-05
SUNDRMFAST,EQ,2024-07-05
SUNFLAG,EQ,2024-07-05
SUNILHITEC,EQ,2018-08-16
SUNPHARMA,EQ,2024-07-05
SUNTECK,EQ,2024-07-05
SUNTV,EQ,2024-07-05
SUPERHOUSE,EQ,2024-07-05
SUPERSPIN,EQ,2024-07-05
SUPPETRO,EQ,2022-04-06
SUPRAJIT,EQ,2024-07-05
SUPREMEENG,EQ,2024-05-14
SUPREMEIND,EQ,2024-07-05
SUPREMEINF,EQ,2023-06-07
SUPREMETEX,EQ,2018-03-16
SUPRIYA,EQ,2024-07-05
SURAJEST,EQ,2024-07-05
SURANACORP,EQ,2017-06-27
SURANAIND,EQ,2018-03-16
SURANASOL,EQ,2024-04-22
SURANAT&P,EQ,2024-07-04
SURYAJYOTI,EQ,2016-05-20
SURYALAXMI,EQ,2024-07-05
SURYAROSNI,EQ,2024-07-05
SURYODAY,EQ,2024-07-05
SUTLEJTEX,EQ,2024-07-05
SUULD,EQ,2024-07-02
SUVEN,EQ,2024-07-05
SUVENPHAR,EQ,2024-07-05
SUVIDHAA,EQ,2024-07-05
SUZLON,EQ,2024-07-05
SVLL,EQ,2024-07-05
SVOGL,EQ,2016-09-26
SVPGLOB,EQ,2024-07-05
SWANENERGY,EQ,2024-07-05
SWARAJENG,EQ,2024-07-05
SWELECTES,EQ,2024-07-05
SWSOLAR,EQ,2024-07-05
SYMPHONY,EQ,2024-07-05
SYNCOM,EQ,2020-09-25
SYNCOMF,EQ,2024-07-05
SYNDIBANK,EQ,2020-03-19
SYNGENE,EQ,2024-07-05
SYRMA,EQ,2024-07-05
TAINWALCHM,EQ,2024-05-29
TAJGVK,EQ,2024-07-05
TAKE,EQ,2024-07-05
TALBROAUTO,EQ,2024-07-05
TALWALKARS,EQ,2020-02-20
TALWGYM,EQ,2020-02-20
TANLA,EQ,2024-07-05
TANTIACONS,EQ,2017-02-15
TARACHAND,EQ,2024-04-22
TARAJEWELS,EQ,2018-08-16
TARAPUR,EQ,2023-05-22
TARC,EQ,2024-07-05
TARMAT,EQ,2024-02-28
TARSONS,EQ,2024-07-05
TASTYBITE,EQ,2024-07-05
TATACHEM,EQ,2024-07-05
TATACOFFEE,EQ,2024-01-12
TATACOMM,EQ,2024-07-05
TATACONSUM,EQ,2024-07-05
TATAELXSI,EQ,2024-07-05
TATAGLOBAL,EQ,2020-02-26
TATAGOLD,EQ,2024-07-05
TATAINVEST,EQ,2024-07-05
TATAMETALI,EQ,2024-02-05
TATAMOTORS,EQ,2024-07-05
TATAMTRDVR,EQ,2024-07-05
TATAPOWER,EQ,2024-07-05
TATASPONGE,EQ,2019-08-30
TATASTEEL,EQ,2024-07-05
TATASTLBSL,EQ,2021-08-05
TATASTLLP,EQ,2023-11-16
TATATECH,EQ,2024-07-05
TATSILV,EQ,2024-07-05
TATVA,EQ,2024-07-05
TBOTEK,EQ,2024-07-05
TBZ,EQ,2024-07-05
TCI,EQ,2024-07-05
TCIDEVELOP,EQ,2022-11-10
TCIEXP,EQ,2024-07-05
TCIFINANCE,EQ,2024-06-12
TCLCONS,EQ,2024-07-05
TCNSBRANDS,EQ,2024-07-05
TCPLPACK,EQ,2024-07-05
TCS,EQ,2024-07-05
TDPOWERSYS,EQ,2024-07-05
TEAMLEASE,EQ,2024-07-05
TECH,EQ,2024-07-05
TECHIN,EQ,2023-08-10
TECHM,EQ,2024-07-05
TECHNO,EQ,2018-08-07
TECHNOE,EQ,2024-06-06
TECHNOFAB,EQ,2020-11-27
TECILCHEM,EQ,2024-06-20
TEGA,EQ,2024-07-05
TEJASNET,EQ,2024-07-05
TEMBO,EQ,2024-07-05
TERASOFT,EQ,2024-06-20
TEXINFRA,EQ,2024-07-05
TEXMOPIPES,EQ,2024-07-05
TEXRAIL,EQ,2024-07-05
TFCILTD,EQ,2024-07-05
TFL,EQ,2024-05-10
TGBHOTELS,EQ,2024-07-05
THANGAMAYL,EQ,2024-07-05
THEINVEST,EQ,2024-07-05
THEJO,EQ,2024-07-05
THEMISMED,EQ,2024-07-05
THERMAX,EQ,2024-07-05
THIRUSUGAR,EQ,2019-05-27
THOMASCOOK,EQ,2024-07-05
THOMASCOTT,EQ,2023-04-13
THYROCARE,EQ,2024-07-05
TI,EQ,2024-07-05
TIDEWATER,EQ,2024-07-05
TIFIN,EQ,2019-04-08
TIIL,EQ,2024-07-05
TIINDIA,EQ,2024-07-05
TIJARIA,EQ,2024-03-01
TIL,EQ,2023-03-31
TIMESGTY,EQ,2024-07-05
TIMETECHNO,EQ,2024-07-05
TIMKEN,EQ,2024-07-05
TINPLATE,EQ,2024-01-18
TIPSFILMS,EQ,2024-07-05
TIPSINDLTD,EQ,2024-07-05
TIRUMALCHM,EQ,2024-07-05
TIRUPATIFL,EQ,2024-06-21
TITAGARH,EQ,2024-07-05
TITAN,EQ,2024-07-05
TMB,EQ,2024-07-05
TMRVL,EQ,2022-07-15
TNIDETF,EQ,2024-07-05
TNPETRO,EQ,2024-07-05
TNPL,EQ,2024-07-05
TNTELE,EQ,2024-01-31
TODAYS,EQ,2018-02-06
TOKYOPLAST,EQ,2024-07-05
TOP100CASE,EQ,2024-07-05
TORNTPHARM,EQ,2024-07-05
TORNTPOWER,EQ,2024-07-05
TOTAL,EQ,2024-06-26
TOUCHWOOD,EQ,2024-07-05
TPHQ,EQ,2024-07-05
TPLPLASTEH,EQ,2024-07-05
TRACXN,EQ,2024-07-05
TREEHOUSE,EQ,2024-07-05
TREJHARA,EQ,2023-06-06
TREL,EQ,2024-07-05
TRENT,EQ,2024-07-05
TRF,EQ,2024-02-13
TRICOM,EQ,2017-03-23
TRIDENT,EQ,2024-07-05
TRIGYN,EQ,2024-06-28
TRIL,EQ,2024-05-13
TRITURBINE,EQ,2024-07-05
TRIVENI,EQ,2024-07-05
TRU,EQ,2024-07-05
TTKHLTCARE,EQ,2024-07-05
TTKPRESTIG,EQ,2024-07-05
TTL,EQ,2024-07-05
TTML,EQ,2024-07-05
TUBEINVEST,EQ,2017-08-23
TULSI,EQ,2018-03-16
TV18BRDCST,EQ,2024-07-05
TVSELECT,EQ,2024-07-05
TVSHLTD,EQ,2024-07-05
TVSMOTOR,EQ,2024-07-05
TVSSCS,EQ,2024-07-05
TVSSRICHAK,EQ,2024-07-05
TVTODAY,EQ,2024-07-05
TVVISION,EQ,2024-02-21
TWL,EQ,2023-06-16
UBHOLDINGS,EQ,2017-05-19
UBL,EQ,2024-07-05
UCAL,EQ,2024-07-05
UCALFUEL,EQ,2023-07-25
UCOBANK,EQ,2024-07-05
UDAICEMENT,EQ,2024-07-05
UDS,EQ,2024-07-05
UFLEX,EQ,2024-07-05
UFO,EQ,2024-07-05
UGARSUGAR,EQ,2024-07-05
UGROCAP,EQ,2024-07-05
UJAAS,EQ,2023-11-02
UJJIVAN,EQ,2024-05-02
UJJIVANSFB,EQ,2024-07-05
ULTRACEMCO,EQ,2024-07-05
UMAEXPORTS,EQ,2024-02-05
UMANGDAIRY,EQ,2024-07-05
UMESLTD,EQ,2024-07-05
UNICHEMLAB,EQ,2024-07-05
UNIDT,EQ,2024-07-05
UNIENTER,EQ,2024-07-05
UNIINFO,EQ,2024-07-05
UNIONBANK,EQ,2024-07-05
UNIPARTS,EQ,2024-07-05
UNIPLY,EQ,2020-09-11
UNITDSPR,EQ,2024-07-05
UNITECH,EQ,2019-11-20
UNITEDBNK,EQ,2020-03-20
UNITEDPOLY,EQ,2024-07-05
UNITEDTEA,EQ,2024-07-05
UNITY,EQ,2018-08-29
UNIVAFOODS,EQ,2023-12-18
UNIVASTU,EQ,2024-05-03
UNIVCABLES,EQ,2024-07-05
UNIVPHOTO,EQ,2024-07-05
UNOMINDA,EQ,2024-07-05
UPERGANGES,EQ,2017-03-22
UPL,EQ,2024-07-05
URAVI,EQ,2024-05-02
URJA,EQ,2024-07-05
USHAMART,EQ,2024-07-05
USHERAGRO,EQ,2018-09-21
USK,EQ,2024-06-26
UTIAMC,EQ,2024-07-05
UTIBANKETF,EQ,2024-07-05
UTINEXT50,EQ,2024-07-05
UTINIFTETF,EQ,2024-07-05
UTISENSETF,EQ,2024-07-05
UTISXN50,EQ,2024-07-05
UTKARSHBNK,EQ,2024-07-05
UTTAMSTL,EQ,2022-05-24
UTTAMSUGAR,EQ,2024-07-05
UTTAMVALUE,EQ,2016-03-23
UVSL,EQ,2020-11-20
V2RETAIL,EQ,2024-03-26
VADILALIND,EQ,2024-07-05
VAIBHAVGBL,EQ,2024-07-05
VAISHALI,EQ,2024-07-05
VAKRANGEE,EQ,2024-07-05
VALECHAENG,EQ,2016-09-26
VALIANTLAB,EQ,2024-07-05
VALIANTORG,EQ,2024-07-05
VALUEIND,EQ,2017-12-06
VARDHACRLC,EQ,2024-07-05
VARDMNPOLY,EQ,2024-07-05
VARROC,EQ,2024-07-05
VASCONEQ,EQ,2024-07-05
VASWANI,EQ,2024-03-01
VBL,EQ,2024-07-05
VCL,EQ,2024-01-09
VEDL,EQ,2024-07-05
VENKEYS,EQ,2024-07-05
VENUSPIPES,EQ,2024-07-05
VENUSREM,EQ,2024-07-05
VERANDA,EQ,2024-07-05
VERTOZ,EQ,2024-06-27
VESUVIUS,EQ,2024-07-05
VETO,EQ,2024-07-05
VGUARD,EQ,2024-07-05
VHL,EQ,2024-07-05
VICEROY,EQ,2018-12-21
VIDEOIND,EQ,2018-05-21
VIDHIDYE,EQ,2017-02-28
VIDHIING,EQ,2024-07-05
VIJAYA,EQ,2024-07-05
VIJAYABANK,EQ,2019-03-07
VIJIFIN,EQ,2024-01-30
VIJSHAN,EQ,2018-12-21
VIKASECO,EQ,2024-07-05
VIKASLIFE,EQ,2024-07-05
VIKASMCORP,EQ,2021-05-05
VIKASPROP,EQ,2022-08-22
VIKASWSP,EQ,2022-04-22
VIMALOIL,EQ,2017-04-10
VIMTALABS,EQ,2024-07-05
VINATIORGA,EQ,2024-07-05
VINDHYATEL,EQ,2024-07-05
VINEETLAB,EQ,2024-07-05
VINNY,EQ,2024-07-05
VINYLINDIA,EQ,2024-07-05
VIPCLOTHNG,EQ,2024-07-05
VIPIND,EQ,2024-07-05
VIPULLTD,EQ,2024-07-05
VIRINCHI,EQ,2024-07-05
VISAKAIND,EQ,2024-07-05
VISASTEEL,EQ,2022-12-02
VISESHINFO,EQ,2023-09-14
VISHAL,EQ,2023-12-29
VISHNU,EQ,2024-07-05
VISHWARAJ,EQ,2024-07-05
VISUINTL,EQ,2017-04-10
VIVIDHA,EQ,2024-01-12
VIVIMEDLAB,EQ,2022-12-01
VKSPL,EQ,2016-12-21
VLEGOV,EQ,2024-01-30
VLSFINANCE,EQ,2024-07-05
VMART,EQ,2024-07-05
VOLTAMP,EQ,2024-07-05
VOLTAS,EQ,2024-07-05
VPRPL,EQ,2024-07-05
VRLLOG,EQ,2024-07-05
VSSL,EQ,2024-07-05
VSTIND,EQ,2024-07-05
VSTL,EQ,2024-05-15
VSTTILLERS,EQ,2024-07-05
VTL,EQ,2024-07-05
WABAG,EQ,2024-07-05
WABCOINDIA,EQ,2022-03-31
WALCHANNAG,EQ,2024-07-05
WANBURY,EQ,2024-07-05
WATERBASE,EQ,2023-10-25
WEALTH,EQ,2024-07-05
WEBELSOLAR,EQ,2024-04-09
WEIZFOREX,EQ,2020-02-26
WEIZMANIND,EQ,2024-06-28
WEL,EQ,2024-04-22
WELCORP,EQ,2024-07-05
WELENT,EQ,2024-07-05
WELINV,EQ,2024-07-05
WELSPUNIND,EQ,2023-12-13
WELSPUNLIV,EQ,2024-07-05
WELSYNTEX,EQ,2016-02-02
WENDT,EQ,2024-07-05
WESTLIFE,EQ,2024-07-05
WEWIN,EQ,2024-04-22
WFL,EQ,2023-01-03
WHEELS,EQ,2024-07-05
WHIRLPOOL,EQ,2024-07-05
WILLAMAGOR,EQ,2024-07-05
WINDLAS,EQ,2024-07-05
WINDMACHIN,EQ,2024-07-05
WINPRO,EQ,2023-04-28
WINSOME,EQ,2023-11-10
WIPL,EQ,2024-07-05
WIPRO,EQ,2024-07-05
WOCKPHARMA,EQ,2024-07-05
WONDERLA,EQ,2024-07-05
WORTH,EQ,2024-07-05
WSI,EQ,2024-07-05
WSTCSTPAPR,EQ,2024-07-05
XCHANGING,EQ,2024-07-05
XELPMOC,EQ,2024-01-17
XLENERGY,EQ,2018-03-16
XPROINDIA,EQ,2024-07-05
YAARI,EQ,2024-03-14
YAARII,EQ,2021-12-14
YASHO,EQ,2024-07-05
YATHARTH,EQ,2024-07-05
YATRA,EQ,2024-07-05
YESBANK,EQ,2024-07-05
YUKEN,EQ,2024-07-05
ZAGGLE,EQ,2024-07-05
ZANDUREALT,EQ,2018-05-23
ZEEL,EQ,2024-07-05
ZEELEARN,EQ,2023-06-06
ZEEMEDIA,EQ,2024-07-05
ZENITHBIR,EQ,2020-06-15
ZENITHCOMP,EQ,2016-03-10
ZENITHEXPO,EQ,2024-06-13
ZENITHSTL,EQ,2024-07-03
ZENSARTECH,EQ,2024-07-05
ZENTEC,EQ,2024-07-05
ZFCVINDIA,EQ,2024-07-05
ZICOM,EQ,2020-11-27
ZIMLAB,EQ,2024-07-05
ZODIAC,EQ,2023-11-06
ZODIACLOTH,EQ,2024-06-27
ZODJRDMKJ,EQ,2021-09-20
ZOMATO,EQ,2024-07-05
ZOTA,EQ,2024-07-05
ZUARI,EQ,2024-07-05
ZUARIGLOB,EQ,2022-07-01
ZUARIIND,EQ,2024-07-05
ZYDUSLIFE,EQ,2024-07-05
ZYDUSWELL,EQ,2024-07-05
ZYLOG,EQ,2018-03-16
